time,division,beat,phase
0.174150,4,0,0
0.174150,8,0,0
0.174150,16,0,0
0.174150,32,0,0
0.251066,32,0,1
0.327982,16,0,1
0.327982,32,0,2
0.404898,32,0,3
0.481814,8,0,1
0.481814,16,0,2
0.481814,32,0,4
0.558730,32,0,5
0.635646,16,0,3
0.635646,32,0,6
0.712562,32,0,7
0.789478,4,1,0
0.789478,8,1,0
0.789478,16,1,0
0.789478,32,1,0
0.863492,32,1,1
0.937506,16,1,1
0.937506,32,1,2
1.011519,32,1,3
1.085533,8,1,1
1.085533,16,1,2
1.085533,32,1,4
1.159546,32,1,5
1.233560,16,1,3
1.233560,32,1,6
1.307574,32,1,7
1.381587,4,2,0
1.381587,8,2,0
1.381587,16,2,0
1.381587,32,2,0
1.458503,32,2,1
1.535420,16,2,1
1.535420,32,2,2
1.612336,32,2,3
1.689252,8,2,1
1.689252,16,2,2
1.689252,32,2,4
1.766168,32,2,5
1.843084,16,2,3
1.843084,32,2,6
1.920000,32,2,7
1.996916,4,3,0
1.996916,8,3,0
1.996916,16,3,0
1.996916,32,3,0
2.072381,32,3,1
2.147846,16,3,1
2.147846,32,3,2
2.223311,32,3,3
2.298776,8,3,1
2.298776,16,3,2
2.298776,32,3,4
2.374240,32,3,5
2.449705,16,3,3
2.449705,32,3,6
2.525170,32,3,7
2.600635,4,4,0
2.600635,8,4,0
2.600635,16,4,0
2.600635,32,4,0
2.677551,32,4,1
2.754467,16,4,1
2.754467,32,4,2
2.831383,32,4,3
2.908299,8,4,1
2.908299,16,4,2
2.908299,32,4,4
2.985215,32,4,5
3.062132,16,4,3
3.062132,32,4,6
3.139048,32,4,7
3.215964,4,5,0
3.215964,8,5,0
3.215964,16,5,0
3.215964,32,5,0
3.291429,32,5,1
3.366893,16,5,1
3.366893,32,5,2
3.442358,32,5,3
3.517823,8,5,1
3.517823,16,5,2
3.517823,32,5,4
3.593288,32,5,5
3.668753,16,5,3
3.668753,32,5,6
3.744218,32,5,7
3.819683,4,6,0
3.819683,8,6,0
3.819683,16,6,0
3.819683,32,6,0
3.896599,32,6,1
3.973515,16,6,1
3.973515,32,6,2
4.050431,32,6,3
4.127347,8,6,1
4.127347,16,6,2
4.127347,32,6,4
4.204263,32,6,5
4.281179,16,6,3
4.281179,32,6,6
4.358095,32,6,7
4.435011,4,7,0
4.435011,8,7,0
4.435011,16,7,0
4.435011,32,7,0
4.510476,32,7,1
4.585941,16,7,1
4.585941,32,7,2
4.661406,32,7,3
4.736871,8,7,1
4.736871,16,7,2
4.736871,32,7,4
4.812336,32,7,5
4.887800,16,7,3
4.887800,32,7,6
4.963265,32,7,7
5.038730,4,8,0
5.038730,8,8,0
5.038730,16,8,0
5.038730,32,8,0
5.112744,32,8,1
5.186757,16,8,1
5.186757,32,8,2
5.260771,32,8,3
5.334785,8,8,1
5.334785,16,8,2
5.334785,32,8,4
5.408798,32,8,5
5.482812,16,8,3
5.482812,32,8,6
5.556825,32,8,7
5.630839,4,9,0
5.630839,8,9,0
5.630839,16,9,0
5.630839,32,9,0
5.706304,32,9,1
5.781769,16,9,1
5.781769,32,9,2
5.857234,32,9,3
5.932698,8,9,1
5.932698,16,9,2
5.932698,32,9,4
6.008163,32,9,5
6.083628,16,9,3
6.083628,32,9,6
6.159093,32,9,7
6.234558,4,10,0
6.234558,8,10,0
6.234558,16,10,0
6.234558,32,10,0
6.308571,32,10,1
6.382585,16,10,1
6.382585,32,10,2
6.456599,32,10,3
6.530612,8,10,1
6.530612,16,10,2
6.530612,32,10,4
6.604626,32,10,5
6.678639,16,10,3
6.678639,32,10,6
6.752653,32,10,7
6.826667,4,11,0
6.826667,8,11,0
6.826667,16,11,0
6.826667,32,11,0
6.902132,32,11,1
6.977596,16,11,1
6.977596,32,11,2
7.053061,32,11,3
7.128526,8,11,1
7.128526,16,11,2
7.128526,32,11,4
7.203991,32,11,5
7.279456,16,11,3
7.279456,32,11,6
7.354921,32,11,7
7.430385,4,12,0
7.430385,8,12,0
7.430385,16,12,0
7.430385,32,12,0
7.505850,32,12,1
7.581315,16,12,1
7.581315,32,12,2
7.656780,32,12,3
7.732245,8,12,1
7.732245,16,12,2
7.732245,32,12,4
7.807710,32,12,5
7.883175,16,12,3
7.883175,32,12,6
7.958639,32,12,7
8.034104,4,13,0
8.034104,8,13,0
8.034104,16,13,0
8.034104,32,13,0
8.111020,32,13,1
8.187937,16,13,1
8.187937,32,13,2
8.264853,32,13,3
8.341769,8,13,1
8.341769,16,13,2
8.341769,32,13,4
8.418685,32,13,5
8.495601,16,13,3
8.495601,32,13,6
8.572517,32,13,7
8.649433,4,14,0
8.649433,8,14,0
8.649433,16,14,0
8.649433,32,14,0
8.724898,32,14,1
8.800363,16,14,1
8.800363,32,14,2
8.875828,32,14,3
8.951293,8,14,1
8.951293,16,14,2
8.951293,32,14,4
9.026757,32,14,5
9.102222,16,14,3
9.102222,32,14,6
9.177687,32,14,7
9.253152,4,15,0
9.253152,8,15,0
9.253152,16,15,0
9.253152,32,15,0
9.330068,32,15,1
9.406984,16,15,1
9.406984,32,15,2
9.483900,32,15,3
9.560816,8,15,1
9.560816,16,15,2
9.560816,32,15,4
9.637732,32,15,5
9.714649,16,15,3
9.714649,32,15,6
9.791565,32,15,7
9.868481,4,16,0
9.868481,8,16,0
9.868481,16,16,0
9.868481,32,16,0
9.945397,32,16,1
10.022313,16,16,1
10.022313,32,16,2
10.099229,32,16,3
10.176145,8,16,1
10.176145,16,16,2
10.176145,32,16,4
10.253061,32,16,5
10.329977,16,16,3
10.329977,32,16,6
10.406893,32,16,7
10.483810,4,17,0
10.483810,8,17,0
10.483810,16,17,0
10.483810,32,17,0
10.557823,32,17,1
10.631837,16,17,1
10.631837,32,17,2
10.705850,32,17,3
10.779864,8,17,1
10.779864,16,17,2
10.779864,32,17,4
10.853878,32,17,5
10.927891,16,17,3
10.927891,32,17,6
11.001905,32,17,7
11.075918,4,18,0
11.075918,8,18,0
11.075918,16,18,0
11.075918,32,18,0
11.152834,32,18,1
11.229751,16,18,1
11.229751,32,18,2
11.306667,32,18,3
11.383583,8,18,1
11.383583,16,18,2
11.383583,32,18,4
11.460499,32,18,5
11.537415,16,18,3
11.537415,32,18,6
11.614331,32,18,7
11.691247,4,19,0
11.691247,8,19,0
11.691247,16,19,0
11.691247,32,19,0
11.766712,32,19,1
11.842177,16,19,1
11.842177,32,19,2
11.917642,32,19,3
11.993107,8,19,1
11.993107,16,19,2
11.993107,32,19,4
12.068571,32,19,5
12.144036,16,19,3
12.144036,32,19,6
12.219501,32,19,7
12.294966,4,20,0
12.294966,8,20,0
12.294966,16,20,0
12.294966,32,20,0
12.371882,32,20,1
12.448798,16,20,1
12.448798,32,20,2
12.525714,32,20,3
12.602630,8,20,1
12.602630,16,20,2
12.602630,32,20,4
12.679546,32,20,5
12.756463,16,20,3
12.756463,32,20,6
12.833379,32,20,7
12.910295,4,21,0
12.910295,8,21,0
12.910295,16,21,0
12.910295,32,21,0
12.985760,32,21,1
13.061224,16,21,1
13.061224,32,21,2
13.136689,32,21,3
13.212154,8,21,1
13.212154,16,21,2
13.212154,32,21,4
13.287619,32,21,5
13.363084,16,21,3
13.363084,32,21,6
13.438549,32,21,7
13.514014,4,22,0
13.514014,8,22,0
13.514014,16,22,0
13.514014,32,22,0
13.590930,32,22,1
13.667846,16,22,1
13.667846,32,22,2
13.744762,32,22,3
13.821678,8,22,1
13.821678,16,22,2
13.821678,32,22,4
13.898594,32,22,5
13.975510,16,22,3
13.975510,32,22,6
14.052426,32,22,7
14.129342,4,23,0
14.129342,8,23,0
14.129342,16,23,0
14.129342,32,23,0
14.204807,32,23,1
14.280272,16,23,1
14.280272,32,23,2
14.355737,32,23,3
14.431202,8,23,1
14.431202,16,23,2
14.431202,32,23,4
14.506667,32,23,5
14.582132,16,23,3
14.582132,32,23,6
14.657596,32,23,7
14.733061,4,24,0
14.733061,8,24,0
14.733061,16,24,0
14.733061,32,24,0
14.807075,32,24,1
14.881088,16,24,1
14.881088,32,24,2
14.955102,32,24,3
15.029116,8,24,1
15.029116,16,24,2
15.029116,32,24,4
15.103129,32,24,5
15.177143,16,24,3
15.177143,32,24,6
15.251156,32,24,7
15.325170,4,25,0
15.325170,8,25,0
15.325170,16,25,0
15.325170,32,25,0
15.400635,32,25,1
15.476100,16,25,1
15.476100,32,25,2
15.551565,32,25,3
15.627029,8,25,1
15.627029,16,25,2
15.627029,32,25,4
15.702494,32,25,5
15.777959,16,25,3
15.777959,32,25,6
15.853424,32,25,7
15.928889,4,26,0
15.928889,8,26,0
15.928889,16,26,0
15.928889,32,26,0
16.002902,32,26,1
16.076916,16,26,1
16.076916,32,26,2
16.150930,32,26,3
16.224943,8,26,1
16.224943,16,26,2
16.224943,32,26,4
16.298957,32,26,5
16.372971,16,26,3
16.372971,32,26,6
16.446984,32,26,7
16.520998,4,27,0
16.520998,8,27,0
16.520998,16,27,0
16.520998,32,27,0
16.596463,32,27,1
16.671927,16,27,1
16.671927,32,27,2
16.747392,32,27,3
16.822857,8,27,1
16.822857,16,27,2
16.822857,32,27,4
16.898322,32,27,5
16.973787,16,27,3
16.973787,32,27,6
17.049252,32,27,7
17.124717,4,28,0
17.124717,8,28,0
17.124717,16,28,0
17.124717,32,28,0
17.200181,32,28,1
17.275646,16,28,1
17.275646,32,28,2
17.351111,32,28,3
17.426576,8,28,1
17.426576,16,28,2
17.426576,32,28,4
17.502041,32,28,5
17.577506,16,28,3
17.577506,32,28,6
17.652971,32,28,7
17.728435,4,29,0
17.728435,8,29,0
17.728435,16,29,0
17.728435,32,29,0
17.805351,32,29,1
17.882268,16,29,1
17.882268,32,29,2
17.959184,32,29,3
18.036100,8,29,1
18.036100,16,29,2
18.036100,32,29,4
18.113016,32,29,5
18.189932,16,29,3
18.189932,32,29,6
18.266848,32,29,7
18.343764,4,30,0
18.343764,8,30,0
18.343764,16,30,0
18.343764,32,30,0
18.420680,32,30,1
18.497596,16,30,1
18.497596,32,30,2
18.574512,32,30,3
18.651429,8,30,1
18.651429,16,30,2
18.651429,32,30,4
18.728345,32,30,5
18.805261,16,30,3
18.805261,32,30,6
18.882177,32,30,7
18.959093,4,31,0
18.959093,8,31,0
18.959093,16,31,0
18.959093,32,31,0
19.036009,32,31,1
19.112925,16,31,1
19.112925,32,31,2
19.189841,32,31,3
19.266757,8,31,1
19.266757,16,31,2
19.266757,32,31,4
19.343673,32,31,5
19.420590,16,31,3
19.420590,32,31,6
19.497506,32,31,7
19.574422,4,32,0
19.574422,8,32,0
19.574422,16,32,0
19.574422,32,32,0
19.648435,32,32,1
19.722449,16,32,1
19.722449,32,32,2
19.796463,32,32,3
19.870476,8,32,1
19.870476,16,32,2
19.870476,32,32,4
19.944490,32,32,5
20.018503,16,32,3
20.018503,32,32,6
20.092517,32,32,7
20.166531,4,33,0
20.166531,8,33,0
20.166531,16,33,0
20.166531,32,33,0
20.244898,32,33,1
20.323265,16,33,1
20.323265,32,33,2
20.401633,32,33,3
20.480000,8,33,1
20.480000,16,33,2
20.480000,32,33,4
20.558367,32,33,5
20.636735,16,33,3
20.636735,32,33,6
20.715102,32,33,7
20.793469,4,34,0
20.793469,8,34,0
20.793469,16,34,0
20.793469,32,34,0
20.867483,32,34,1
20.941497,16,34,1
20.941497,32,34,2
21.015510,32,34,3
21.089524,8,34,1
21.089524,16,34,2
21.089524,32,34,4
21.163537,32,34,5
21.237551,16,34,3
21.237551,32,34,6
21.311565,32,34,7
21.385578,4,35,0
21.385578,8,35,0
21.385578,16,35,0
21.385578,32,35,0
21.462494,32,35,1
21.539410,16,35,1
21.539410,32,35,2
21.616327,32,35,3
21.693243,8,35,1
21.693243,16,35,2
21.693243,32,35,4
21.770159,32,35,5
21.847075,16,35,3
21.847075,32,35,6
21.923991,32,35,7
22.000907,4,36,0
22.000907,8,36,0
22.000907,16,36,0
22.000907,32,36,0
22.074921,32,36,1
22.148934,16,36,1
22.148934,32,36,2
22.222948,32,36,3
22.296961,8,36,1
22.296961,16,36,2
22.296961,32,36,4
22.370975,32,36,5
22.444989,16,36,3
22.444989,32,36,6
22.519002,32,36,7
22.593016,4,37,0
22.593016,8,37,0
22.593016,16,37,0
22.593016,32,37,0
22.669932,32,37,1
22.746848,16,37,1
22.746848,32,37,2
22.823764,32,37,3
22.900680,8,37,1
22.900680,16,37,2
22.900680,32,37,4
22.977596,32,37,5
23.054512,16,37,3
23.054512,32,37,6
23.131429,32,37,7
23.208345,4,38,0
23.208345,8,38,0
23.208345,16,38,0
23.208345,32,38,0
23.283810,32,38,1
23.359274,16,38,1
23.359274,32,38,2
23.434739,32,38,3
23.510204,8,38,1
23.510204,16,38,2
23.510204,32,38,4
23.585669,32,38,5
23.661134,16,38,3
23.661134,32,38,6
23.736599,32,38,7
23.812063,4,39,0
23.812063,8,39,0
23.812063,16,39,0
23.812063,32,39,0
23.888980,32,39,1
23.965896,16,39,1
23.965896,32,39,2
24.042812,32,39,3
24.119728,8,39,1
24.119728,16,39,2
24.119728,32,39,4
24.196644,32,39,5
24.273560,16,39,3
24.273560,32,39,6
24.350476,32,39,7
24.427392,4,40,0
24.427392,8,40,0
24.427392,16,40,0
24.427392,32,40,0
24.501406,32,40,1
24.575420,16,40,1
24.575420,32,40,2
24.649433,32,40,3
24.723447,8,40,1
24.723447,16,40,2
24.723447,32,40,4
24.797460,32,40,5
24.871474,16,40,3
24.871474,32,40,6
24.945488,32,40,7
25.019501,4,41,0
25.019501,8,41,0
25.019501,16,41,0
25.019501,32,41,0
25.096417,32,41,1
25.173333,16,41,1
25.173333,32,41,2
25.250249,32,41,3
25.327166,8,41,1
25.327166,16,41,2
25.327166,32,41,4
25.404082,32,41,5
25.480998,16,41,3
25.480998,32,41,6
25.557914,32,41,7
25.634830,4,42,0
25.634830,8,42,0
25.634830,16,42,0
25.634830,32,42,0
25.708844,32,42,1
25.782857,16,42,1
25.782857,32,42,2
25.856871,32,42,3
25.930884,8,42,1
25.930884,16,42,2
25.930884,32,42,4
26.004898,32,42,5
26.078912,16,42,3
26.078912,32,42,6
26.152925,32,42,7
26.226939,4,43,0
26.226939,8,43,0
26.226939,16,43,0
26.226939,32,43,0
26.303855,32,43,1
26.380771,16,43,1
26.380771,32,43,2
26.457687,32,43,3
26.534603,8,43,1
26.534603,16,43,2
26.534603,32,43,4
26.611519,32,43,5
26.688435,16,43,3
26.688435,32,43,6
26.765351,32,43,7
26.842268,4,44,0
26.842268,8,44,0
26.842268,16,44,0
26.842268,32,44,0
26.917732,32,44,1
26.993197,16,44,1
26.993197,32,44,2
27.068662,32,44,3
27.144127,8,44,1
27.144127,16,44,2
27.144127,32,44,4
27.219592,32,44,5
27.295057,16,44,3
27.295057,32,44,6
27.370522,32,44,7
27.445986,4,45,0
27.445986,8,45,0
27.445986,16,45,0
27.445986,32,45,0
27.522902,32,45,1
27.599819,16,45,1
27.599819,32,45,2
27.676735,32,45,3
27.753651,8,45,1
27.753651,16,45,2
27.753651,32,45,4
27.830567,32,45,5
27.907483,16,45,3
27.907483,32,45,6
27.984399,32,45,7
28.061315,4,46,0
28.061315,8,46,0
28.061315,16,46,0
28.061315,32,46,0
28.135329,32,46,1
28.209342,16,46,1
28.209342,32,46,2
28.283356,32,46,3
28.357370,8,46,1
28.357370,16,46,2
28.357370,32,46,4
28.431383,32,46,5
28.505397,16,46,3
28.505397,32,46,6
28.579410,32,46,7
28.653424,4,47,0
28.653424,8,47,0
28.653424,16,47,0
28.653424,32,47,0
28.730340,32,47,1
28.807256,16,47,1
28.807256,32,47,2
28.884172,32,47,3
28.961088,8,47,1
28.961088,16,47,2
28.961088,32,47,4
29.038005,32,47,5
29.114921,16,47,3
29.114921,32,47,6
29.191837,32,47,7
29.268753,4,48,0
29.268753,8,48,0
29.268753,16,48,0
29.268753,32,48,0
29.342766,32,48,1
29.416780,16,48,1
29.416780,32,48,2
29.490794,32,48,3
29.564807,8,48,1
29.564807,16,48,2
29.564807,32,48,4
29.638821,32,48,5
29.712834,16,48,3
29.712834,32,48,6
29.786848,32,48,7
29.860862,4,49,0
29.860862,8,49,0
29.860862,16,49,0
29.860862,32,49,0
29.939229,32,49,1
30.017596,16,49,1
30.017596,32,49,2
30.095964,32,49,3
30.174331,8,49,1
30.174331,16,49,2
30.174331,32,49,4
30.252698,32,49,5
30.331066,16,49,3
30.331066,32,49,6
30.409433,32,49,7
30.487800,4,50,0
30.487800,8,50,0
30.487800,16,50,0
30.487800,32,50,0
30.561814,32,50,1
30.635828,16,50,1
30.635828,32,50,2
30.709841,32,50,3
30.783855,8,50,1
30.783855,16,50,2
30.783855,32,50,4
30.857868,32,50,5
30.931882,16,50,3
30.931882,32,50,6
31.005896,32,50,7
31.079909,4,51,0
31.079909,8,51,0
31.079909,16,51,0
31.079909,32,51,0
31.156825,32,51,1
31.233741,16,51,1
31.233741,32,51,2
31.310658,32,51,3
31.387574,8,51,1
31.387574,16,51,2
31.387574,32,51,4
31.464490,32,51,5
31.541406,16,51,3
31.541406,32,51,6
31.618322,32,51,7
31.695238,4,52,0
31.695238,8,52,0
31.695238,16,52,0
31.695238,32,52,0
31.769252,32,52,1
31.843265,16,52,1
31.843265,32,52,2
31.917279,32,52,3
31.991293,8,52,1
31.991293,16,52,2
31.991293,32,52,4
32.065306,32,52,5
32.139320,16,52,3
32.139320,32,52,6
32.213333,32,52,7
32.287347,4,53,0
32.287347,8,53,0
32.287347,16,53,0
32.287347,32,53,0
32.364263,32,53,1
32.441179,16,53,1
32.441179,32,53,2
32.518095,32,53,3
32.595011,8,53,1
32.595011,16,53,2
32.595011,32,53,4
32.671927,32,53,5
32.748844,16,53,3
32.748844,32,53,6
32.825760,32,53,7
32.902676,4,54,0
32.902676,8,54,0
32.902676,16,54,0
32.902676,32,54,0
32.976689,32,54,1
33.050703,16,54,1
33.050703,32,54,2
33.124717,32,54,3
33.198730,8,54,1
33.198730,16,54,2
33.198730,32,54,4
33.272744,32,54,5
33.346757,16,54,3
33.346757,32,54,6
33.420771,32,54,7
33.494785,4,55,0
33.494785,8,55,0
33.494785,16,55,0
33.494785,32,55,0
33.573152,32,55,1
33.651519,16,55,1
33.651519,32,55,2
33.729887,32,55,3
33.808254,8,55,1
33.808254,16,55,2
33.808254,32,55,4
33.886621,32,55,5
33.964989,16,55,3
33.964989,32,55,6
34.043356,32,55,7
34.121723,4,56,0
34.121723,8,56,0
34.121723,16,56,0
34.121723,32,56,0
34.195737,32,56,1
34.269751,16,56,1
34.269751,32,56,2
34.343764,32,56,3
34.417778,8,56,1
34.417778,16,56,2
34.417778,32,56,4
34.491791,32,56,5
34.565805,16,56,3
34.565805,32,56,6
34.639819,32,56,7
34.713832,4,57,0
34.713832,8,57,0
34.713832,16,57,0
34.713832,32,57,0
34.790748,32,57,1
34.867664,16,57,1
34.867664,32,57,2
34.944580,32,57,3
35.021497,8,57,1
35.021497,16,57,2
35.021497,32,57,4
35.098413,32,57,5
35.175329,16,57,3
35.175329,32,57,6
35.252245,32,57,7
35.329161,4,58,0
35.329161,8,58,0
35.329161,16,58,0
35.329161,32,58,0
35.403175,32,58,1
35.477188,16,58,1
35.477188,32,58,2
35.551202,32,58,3
35.625215,8,58,1
35.625215,16,58,2
35.625215,32,58,4
35.699229,32,58,5
35.773243,16,58,3
35.773243,32,58,6
35.847256,32,58,7
35.921270,4,59,0
35.921270,8,59,0
35.921270,16,59,0
35.921270,32,59,0
35.998186,32,59,1
36.075102,16,59,1
36.075102,32,59,2
36.152018,32,59,3
36.228934,8,59,1
36.228934,16,59,2
36.228934,32,59,4
36.305850,32,59,5
36.382766,16,59,3
36.382766,32,59,6
36.459683,32,59,7
36.536599,4,60,0
36.536599,8,60,0
36.536599,16,60,0
36.536599,32,60,0
36.610612,32,60,1
36.684626,16,60,1
36.684626,32,60,2
36.758639,32,60,3
36.832653,8,60,1
36.832653,16,60,2
36.832653,32,60,4
36.906667,32,60,5
36.980680,16,60,3
36.980680,32,60,6
37.054694,32,60,7
37.128707,4,61,0
37.128707,8,61,0
37.128707,16,61,0
37.128707,32,61,0
37.207075,32,61,1
37.285442,16,61,1
37.285442,32,61,2
37.363810,32,61,3
37.442177,8,61,1
37.442177,16,61,2
37.442177,32,61,4
37.520544,32,61,5
37.598912,16,61,3
37.598912,32,61,6
37.677279,32,61,7
37.755646,4,62,0
37.755646,8,62,0
37.755646,16,62,0
37.755646,32,62,0
37.831111,32,62,1
37.906576,16,62,1
37.906576,32,62,2
37.982041,32,62,3
38.057506,8,62,1
38.057506,16,62,2
38.057506,32,62,4
38.132971,32,62,5
38.208435,16,62,3
38.208435,32,62,6
38.283900,32,62,7
38.359365,4,63,0
38.359365,8,63,0
38.359365,16,63,0
38.359365,32,63,0
38.433379,32,63,1
38.507392,16,63,1
38.507392,32,63,2
38.581406,32,63,3
38.655420,8,63,1
38.655420,16,63,2
38.655420,32,63,4
38.729433,32,63,5
38.803447,16,63,3
38.803447,32,63,6
38.877460,32,63,7
38.951474,4,64,0
38.951474,8,64,0
38.951474,16,64,0
38.951474,32,64,0
39.026939,32,64,1
39.102404,16,64,1
39.102404,32,64,2
39.177868,32,64,3
39.253333,8,64,1
39.253333,16,64,2
39.253333,32,64,4
39.328798,32,64,5
39.404263,16,64,3
39.404263,32,64,6
39.479728,32,64,7
39.555193,4,65,0
39.555193,8,65,0
39.555193,16,65,0
39.555193,32,65,0
39.632109,32,65,1
39.709025,16,65,1
39.709025,32,65,2
39.785941,32,65,3
39.862857,8,65,1
39.862857,16,65,2
39.862857,32,65,4
39.939773,32,65,5
40.016689,16,65,3
40.016689,32,65,6
40.093605,32,65,7
40.170522,4,66,0
40.170522,8,66,0
40.170522,16,66,0
40.170522,32,66,0
40.244535,32,66,1
40.318549,16,66,1
40.318549,32,66,2
40.392562,32,66,3
40.466576,8,66,1
40.466576,16,66,2
40.466576,32,66,4
40.540590,32,66,5
40.614603,16,66,3
40.614603,32,66,6
40.688617,32,66,7
40.762630,4,67,0
40.762630,8,67,0
40.762630,16,67,0
40.762630,32,67,0
40.840998,32,67,1
40.919365,16,67,1
40.919365,32,67,2
40.997732,32,67,3
41.076100,8,67,1
41.076100,16,67,2
41.076100,32,67,4
41.154467,32,67,5
41.232834,16,67,3
41.232834,32,67,6
41.311202,32,67,7
41.389569,4,68,0
41.389569,8,68,0
41.389569,16,68,0
41.389569,32,68,0
41.463583,32,68,1
41.537596,16,68,1
41.537596,32,68,2
41.611610,32,68,3
41.685624,8,68,1
41.685624,16,68,2
41.685624,32,68,4
41.759637,32,68,5
41.833651,16,68,3
41.833651,32,68,6
41.907664,32,68,7
41.981678,4,69,0
41.981678,8,69,0
41.981678,16,69,0
41.981678,32,69,0
42.058594,32,69,1
42.135510,16,69,1
42.135510,32,69,2
42.212426,32,69,3
42.289342,8,69,1
42.289342,16,69,2
42.289342,32,69,4
42.366259,32,69,5
42.443175,16,69,3
42.443175,32,69,6
42.520091,32,69,7
42.597007,4,70,0
42.597007,8,70,0
42.597007,16,70,0
42.597007,32,70,0
42.671020,32,70,1
42.745034,16,70,1
42.745034,32,70,2
42.819048,32,70,3
42.893061,8,70,1
42.893061,16,70,2
42.893061,32,70,4
42.967075,32,70,5
43.041088,16,70,3
43.041088,32,70,6
43.115102,32,70,7
43.189116,4,71,0
43.189116,8,71,0
43.189116,16,71,0
43.189116,32,71,0
43.266032,32,71,1
43.342948,16,71,1
43.342948,32,71,2
43.419864,32,71,3
43.496780,8,71,1
43.496780,16,71,2
43.496780,32,71,4
43.573696,32,71,5
43.650612,16,71,3
43.650612,32,71,6
43.727528,32,71,7
43.804444,4,72,0
43.804444,8,72,0
43.804444,16,72,0
43.804444,32,72,0
43.879909,32,72,1
43.955374,16,72,1
43.955374,32,72,2
44.030839,32,72,3
44.106304,8,72,1
44.106304,16,72,2
44.106304,32,72,4
44.181769,32,72,5
44.257234,16,72,3
44.257234,32,72,6
44.332698,32,72,7
44.408163,4,73,0
44.408163,8,73,0
44.408163,16,73,0
44.408163,32,73,0
44.483628,32,73,1
44.559093,16,73,1
44.559093,32,73,2
44.634558,32,73,3
44.710023,8,73,1
44.710023,16,73,2
44.710023,32,73,4
44.785488,32,73,5
44.860952,16,73,3
44.860952,32,73,6
44.936417,32,73,7
45.011882,4,74,0
45.011882,8,74,0
45.011882,16,74,0
45.011882,32,74,0
45.087347,32,74,1
45.162812,16,74,1
45.162812,32,74,2
45.238277,32,74,3
45.313741,8,74,1
45.313741,16,74,2
45.313741,32,74,4
45.389206,32,74,5
45.464671,16,74,3
45.464671,32,74,6
45.540136,32,74,7
45.615601,4,75,0
45.615601,8,75,0
45.615601,16,75,0
45.615601,32,75,0
45.692517,32,75,1
45.769433,16,75,1
45.769433,32,75,2
45.846349,32,75,3
45.923265,8,75,1
45.923265,16,75,2
45.923265,32,75,4
46.000181,32,75,5
46.077098,16,75,3
46.077098,32,75,6
46.154014,32,75,7
46.230930,4,76,0
46.230930,8,76,0
46.230930,16,76,0
46.230930,32,76,0
46.304943,32,76,1
46.378957,16,76,1
46.378957,32,76,2
46.452971,32,76,3
46.526984,8,76,1
46.526984,16,76,2
46.526984,32,76,4
46.600998,32,76,5
46.675011,16,76,3
46.675011,32,76,6
46.749025,32,76,7
46.823039,4,77,0
46.823039,8,77,0
46.823039,16,77,0
46.823039,32,77,0
46.899955,32,77,1
46.976871,16,77,1
46.976871,32,77,2
47.053787,32,77,3
47.130703,8,77,1
47.130703,16,77,2
47.130703,32,77,4
47.207619,32,77,5
47.284535,16,77,3
47.284535,32,77,6
47.361451,32,77,7
47.438367,4,78,0
47.438367,8,78,0
47.438367,16,78,0
47.438367,32,78,0
47.513832,32,78,1
47.589297,16,78,1
47.589297,32,78,2
47.664762,32,78,3
47.740227,8,78,1
47.740227,16,78,2
47.740227,32,78,4
47.815692,32,78,5
47.891156,16,78,3
47.891156,32,78,6
47.966621,32,78,7
48.042086,4,79,0
48.042086,8,79,0
48.042086,16,79,0
48.042086,32,79,0
48.117551,32,79,1
48.193016,16,79,1
48.193016,32,79,2
48.268481,32,79,3
48.343946,8,79,1
48.343946,16,79,2
48.343946,32,79,4
48.419410,32,79,5
48.494875,16,79,3
48.494875,32,79,6
48.570340,32,79,7
48.645805,4,80,0
48.645805,8,80,0
48.645805,16,80,0
48.645805,32,80,0
48.721270,32,80,1
48.796735,16,80,1
48.796735,32,80,2
48.872200,32,80,3
48.947664,8,80,1
48.947664,16,80,2
48.947664,32,80,4
49.023129,32,80,5
49.098594,16,80,3
49.098594,32,80,6
49.174059,32,80,7
49.249524,4,81,0
49.249524,8,81,0
49.249524,16,81,0
49.249524,32,81,0
49.326440,32,81,1
49.403356,16,81,1
49.403356,32,81,2
49.480272,32,81,3
49.557188,8,81,1
49.557188,16,81,2
49.557188,32,81,4
49.634104,32,81,5
49.711020,16,81,3
49.711020,32,81,6
49.787937,32,81,7
49.864853,4,82,0
49.864853,8,82,0
49.864853,16,82,0
49.864853,32,82,0
49.938866,32,82,1
50.012880,16,82,1
50.012880,32,82,2
50.086893,32,82,3
50.160907,8,82,1
50.160907,16,82,2
50.160907,32,82,4
50.234921,32,82,5
50.308934,16,82,3
50.308934,32,82,6
50.382948,32,82,7
50.456961,4,83,0
50.456961,8,83,0
50.456961,16,83,0
50.456961,32,83,0
50.535329,32,83,1
50.613696,16,83,1
50.613696,32,83,2
50.692063,32,83,3
50.770431,8,83,1
50.770431,16,83,2
50.770431,32,83,4
50.848798,32,83,5
50.927166,16,83,3
50.927166,32,83,6
51.005533,32,83,7
51.083900,4,84,0
51.083900,8,84,0
51.083900,16,84,0
51.083900,32,84,0
51.157914,32,84,1
51.231927,16,84,1
51.231927,32,84,2
51.305941,32,84,3
51.379955,8,84,1
51.379955,16,84,2
51.379955,32,84,4
51.453968,32,84,5
51.527982,16,84,3
51.527982,32,84,6
51.601995,32,84,7
51.676009,4,85,0
51.676009,8,85,0
51.676009,16,85,0
51.676009,32,85,0
51.752925,32,85,1
51.829841,16,85,1
51.829841,32,85,2
51.906757,32,85,3
51.983673,8,85,1
51.983673,16,85,2
51.983673,32,85,4
52.060590,32,85,5
52.137506,16,85,3
52.137506,32,85,6
52.214422,32,85,7
52.291338,4,86,0
52.291338,8,86,0
52.291338,16,86,0
52.291338,32,86,0
52.365351,32,86,1
52.439365,16,86,1
52.439365,32,86,2
52.513379,32,86,3
52.587392,8,86,1
52.587392,16,86,2
52.587392,32,86,4
52.661406,32,86,5
52.735420,16,86,3
52.735420,32,86,6
52.809433,32,86,7
52.883447,4,87,0
52.883447,8,87,0
52.883447,16,87,0
52.883447,32,87,0
52.958912,32,87,1
53.034376,16,87,1
53.034376,32,87,2
53.109841,32,87,3
53.185306,8,87,1
53.185306,16,87,2
53.185306,32,87,4
53.260771,32,87,5
53.336236,16,87,3
53.336236,32,87,6
53.411701,32,87,7
53.487166,4,88,0
53.487166,8,88,0
53.487166,16,88,0
53.487166,32,88,0
53.564082,32,88,1
53.640998,16,88,1
53.640998,32,88,2
53.717914,32,88,3
53.794830,8,88,1
53.794830,16,88,2
53.794830,32,88,4
53.871746,32,88,5
53.948662,16,88,3
53.948662,32,88,6
54.025578,32,88,7
54.102494,4,89,0
54.102494,8,89,0
54.102494,16,89,0
54.102494,32,89,0
54.177959,32,89,1
54.253424,16,89,1
54.253424,32,89,2
54.328889,32,89,3
54.404354,8,89,1
54.404354,16,89,2
54.404354,32,89,4
54.479819,32,89,5
54.555283,16,89,3
54.555283,32,89,6
54.630748,32,89,7
54.706213,4,90,0
54.706213,8,90,0
54.706213,16,90,0
54.706213,32,90,0
54.781678,32,90,1
54.857143,16,90,1
54.857143,32,90,2
54.932608,32,90,3
55.008073,8,90,1
55.008073,16,90,2
55.008073,32,90,4
55.083537,32,90,5
55.159002,16,90,3
55.159002,32,90,6
55.234467,32,90,7
55.309932,4,91,0
55.309932,8,91,0
55.309932,16,91,0
55.309932,32,91,0
55.386848,32,91,1
55.463764,16,91,1
55.463764,32,91,2
55.540680,32,91,3
55.617596,8,91,1
55.617596,16,91,2
55.617596,32,91,4
55.694512,32,91,5
55.771429,16,91,3
55.771429,32,91,6
55.848345,32,91,7
55.925261,4,92,0
55.925261,8,92,0
55.925261,16,92,0
55.925261,32,92,0
55.999274,32,92,1
56.073288,16,92,1
56.073288,32,92,2
56.147302,32,92,3
56.221315,8,92,1
56.221315,16,92,2
56.221315,32,92,4
56.295329,32,92,5
56.369342,16,92,3
56.369342,32,92,6
56.443356,32,92,7
56.517370,4,93,0
56.517370,8,93,0
56.517370,16,93,0
56.517370,32,93,0
56.594286,32,93,1
56.671202,16,93,1
56.671202,32,93,2
56.748118,32,93,3
56.825034,8,93,1
56.825034,16,93,2
56.825034,32,93,4
56.901950,32,93,5
56.978866,16,93,3
56.978866,32,93,6
57.055782,32,93,7
57.132698,4,94,0
57.132698,8,94,0
57.132698,16,94,0
57.132698,32,94,0
57.206712,32,94,1
57.280726,16,94,1
57.280726,32,94,2
57.354739,32,94,3
57.428753,8,94,1
57.428753,16,94,2
57.428753,32,94,4
57.502766,32,94,5
57.576780,16,94,3
57.576780,32,94,6
57.650794,32,94,7
57.724807,4,95,0
57.724807,8,95,0
57.724807,16,95,0
57.724807,32,95,0
57.801723,32,95,1
57.878639,16,95,1
57.878639,32,95,2
57.955556,32,95,3
58.032472,8,95,1
58.032472,16,95,2
58.032472,32,95,4
58.109388,32,95,5
58.186304,16,95,3
58.186304,32,95,6
58.263220,32,95,7
58.340136,4,96,0
58.340136,8,96,0
58.340136,16,96,0
58.340136,32,96,0
58.415601,32,96,1
58.491066,16,96,1
58.491066,32,96,2
58.566531,32,96,3
58.641995,8,96,1
58.641995,16,96,2
58.641995,32,96,4
58.717460,32,96,5
58.792925,16,96,3
58.792925,32,96,6
58.868390,32,96,7
58.943855,4,97,0
58.943855,8,97,0
58.943855,16,97,0
58.943855,32,97,0
59.020771,32,97,1
59.097687,16,97,1
59.097687,32,97,2
59.174603,32,97,3
59.251519,8,97,1
59.251519,16,97,2
59.251519,32,97,4
59.328435,32,97,5
59.405351,16,97,3
59.405351,32,97,6
59.482268,32,97,7
59.559184,4,98,0
59.559184,8,98,0
59.559184,16,98,0
59.559184,32,98,0
59.633197,32,98,1
59.707211,16,98,1
59.707211,32,98,2
59.781224,32,98,3
59.855238,8,98,1
59.855238,16,98,2
59.855238,32,98,4
59.929252,32,98,5
60.003265,16,98,3
60.003265,32,98,6
60.077279,32,98,7
60.151293,4,99,0
60.151293,8,99,0
60.151293,16,99,0
60.151293,32,99,0
60.228209,32,99,1
60.305125,16,99,1
60.305125,32,99,2
60.382041,32,99,3
60.458957,8,99,1
60.458957,16,99,2
60.458957,32,99,4
60.535873,32,99,5
60.612789,16,99,3
60.612789,32,99,6
60.689705,32,99,7
60.766621,4,100,0
60.766621,8,100,0
60.766621,16,100,0
60.766621,32,100,0
60.842086,32,100,1
60.917551,16,100,1
60.917551,32,100,2
60.993016,32,100,3
61.068481,8,100,1
61.068481,16,100,2
61.068481,32,100,4
61.143946,32,100,5
61.219410,16,100,3
61.219410,32,100,6
61.294875,32,100,7
61.370340,4,101,0
61.370340,8,101,0
61.370340,16,101,0
61.370340,32,101,0
61.447256,32,101,1
61.524172,16,101,1
61.524172,32,101,2
61.601088,32,101,3
61.678005,8,101,1
61.678005,16,101,2
61.678005,32,101,4
61.754921,32,101,5
61.831837,16,101,3
61.831837,32,101,6
61.908753,32,101,7
61.985669,4,102,0
61.985669,8,102,0
61.985669,16,102,0
61.985669,32,102,0
62.059683,32,102,1
62.133696,16,102,1
62.133696,32,102,2
62.207710,32,102,3
62.281723,8,102,1
62.281723,16,102,2
62.281723,32,102,4
62.355737,32,102,5
62.429751,16,102,3
62.429751,32,102,6
62.503764,32,102,7
62.577778,4,103,0
62.577778,8,103,0
62.577778,16,103,0
62.577778,32,103,0
62.654694,32,103,1
62.731610,16,103,1
62.731610,32,103,2
62.808526,32,103,3
62.885442,8,103,1
62.885442,16,103,2
62.885442,32,103,4
62.962358,32,103,5
63.039274,16,103,3
63.039274,32,103,6
63.116190,32,103,7
63.193107,4,104,0
63.193107,8,104,0
63.193107,16,104,0
63.193107,32,104,0
63.267120,32,104,1
63.341134,16,104,1
63.341134,32,104,2
63.415147,32,104,3
63.489161,8,104,1
63.489161,16,104,2
63.489161,32,104,4
63.563175,32,104,5
63.637188,16,104,3
63.637188,32,104,6
63.711202,32,104,7
63.785215,4,105,0
63.785215,8,105,0
63.785215,16,105,0
63.785215,32,105,0
63.862132,32,105,1
63.939048,16,105,1
63.939048,32,105,2
64.015964,32,105,3
64.092880,8,105,1
64.092880,16,105,2
64.092880,32,105,4
64.169796,32,105,5
64.246712,16,105,3
64.246712,32,105,6
64.323628,32,105,7
64.400544,4,106,0
64.400544,8,106,0
64.400544,16,106,0
64.400544,32,106,0
64.474558,32,106,1
64.548571,16,106,1
64.548571,32,106,2
64.622585,32,106,3
64.696599,8,106,1
64.696599,16,106,2
64.696599,32,106,4
64.770612,32,106,5
64.844626,16,106,3
64.844626,32,106,6
64.918639,32,106,7
64.992653,4,107,0
64.992653,8,107,0
64.992653,16,107,0
64.992653,32,107,0
65.069569,32,107,1
65.146485,16,107,1
65.146485,32,107,2
65.223401,32,107,3
65.300317,8,107,1
65.300317,16,107,2
65.300317,32,107,4
65.377234,32,107,5
65.454150,16,107,3
65.454150,32,107,6
65.531066,32,107,7
65.607982,4,108,0
65.607982,8,108,0
65.607982,16,108,0
65.607982,32,108,0
65.683447,32,108,1
65.758912,16,108,1
65.758912,32,108,2
65.834376,32,108,3
65.909841,8,108,1
65.909841,16,108,2
65.909841,32,108,4
65.985306,32,108,5
66.060771,16,108,3
66.060771,32,108,6
66.136236,32,108,7
66.211701,4,109,0
66.211701,8,109,0
66.211701,16,109,0
66.211701,32,109,0
66.288617,32,109,1
66.365533,16,109,1
66.365533,32,109,2
66.442449,32,109,3
66.519365,8,109,1
66.519365,16,109,2
66.519365,32,109,4
66.596281,32,109,5
66.673197,16,109,3
66.673197,32,109,6
66.750113,32,109,7
66.827029,4,110,0
66.827029,8,110,0
66.827029,16,110,0
66.827029,32,110,0
66.901043,32,110,1
66.975057,16,110,1
66.975057,32,110,2
67.049070,32,110,3
67.123084,8,110,1
67.123084,16,110,2
67.123084,32,110,4
67.197098,32,110,5
67.271111,16,110,3
67.271111,32,110,6
67.345125,32,110,7
67.419138,4,111,0
67.419138,8,111,0
67.419138,16,111,0
67.419138,32,111,0
67.496054,32,111,1
67.572971,16,111,1
67.572971,32,111,2
67.649887,32,111,3
67.726803,8,111,1
67.726803,16,111,2
67.726803,32,111,4
67.803719,32,111,5
67.880635,16,111,3
67.880635,32,111,6
67.957551,32,111,7
68.034467,4,112,0
68.034467,8,112,0
68.034467,16,112,0
68.034467,32,112,0
68.109932,32,112,1
68.185397,16,112,1
68.185397,32,112,2
68.260862,32,112,3
68.336327,8,112,1
68.336327,16,112,2
68.336327,32,112,4
68.411791,32,112,5
68.487256,16,112,3
68.487256,32,112,6
68.562721,32,112,7
68.638186,4,113,0
68.638186,8,113,0
68.638186,16,113,0
68.638186,32,113,0
68.715102,32,113,1
68.792018,16,113,1
68.792018,32,113,2
68.868934,32,113,3
68.945850,8,113,1
68.945850,16,113,2
68.945850,32,113,4
69.022766,32,113,5
69.099683,16,113,3
69.099683,32,113,6
69.176599,32,113,7
69.253515,4,114,0
69.253515,8,114,0
69.253515,16,114,0
69.253515,32,114,0
69.327528,32,114,1
69.401542,16,114,1
69.401542,32,114,2
69.475556,32,114,3
69.549569,8,114,1
69.549569,16,114,2
69.549569,32,114,4
69.623583,32,114,5
69.697596,16,114,3
69.697596,32,114,6
69.771610,32,114,7
69.845624,4,115,0
69.845624,8,115,0
69.845624,16,115,0
69.845624,32,115,0
69.921088,32,115,1
69.996553,16,115,1
69.996553,32,115,2
70.072018,32,115,3
70.147483,8,115,1
70.147483,16,115,2
70.147483,32,115,4
70.222948,32,115,5
70.298413,16,115,3
70.298413,32,115,6
70.373878,32,115,7
70.449342,4,116,0
70.449342,8,116,0
70.449342,16,116,0
70.449342,32,116,0
70.526259,32,116,1
70.603175,16,116,1
70.603175,32,116,2
70.680091,32,116,3
70.757007,8,116,1
70.757007,16,116,2
70.757007,32,116,4
70.833923,32,116,5
70.910839,16,116,3
70.910839,32,116,6
70.987755,32,116,7
71.064671,4,117,0
71.064671,8,117,0
71.064671,16,117,0
71.064671,32,117,0
71.141587,32,117,1
71.218503,16,117,1
71.218503,32,117,2
71.295420,32,117,3
71.372336,8,117,1
71.372336,16,117,2
71.372336,32,117,4
71.449252,32,117,5
71.526168,16,117,3
71.526168,32,117,6
71.603084,32,117,7
71.680000,4,118,0
71.680000,8,118,0
71.680000,16,118,0
71.680000,32,118,0
71.754014,32,118,1
71.828027,16,118,1
71.828027,32,118,2
71.902041,32,118,3
71.976054,8,118,1
71.976054,16,118,2
71.976054,32,118,4
72.050068,32,118,5
72.124082,16,118,3
72.124082,32,118,6
72.198095,32,118,7
72.272109,4,119,0
72.272109,8,119,0
72.272109,16,119,0
72.272109,32,119,0
72.349025,32,119,1
72.425941,16,119,1
72.425941,32,119,2
72.502857,32,119,3
72.579773,8,119,1
72.579773,16,119,2
72.579773,32,119,4
72.656689,32,119,5
72.733605,16,119,3
72.733605,32,119,6
72.810522,32,119,7
72.887438,4,120,0
72.887438,8,120,0
72.887438,16,120,0
72.887438,32,120,0
72.961451,32,120,1
73.035465,16,120,1
73.035465,32,120,2
73.109478,32,120,3
73.183492,8,120,1
73.183492,16,120,2
73.183492,32,120,4
73.257506,32,120,5
73.331519,16,120,3
73.331519,32,120,6
73.405533,32,120,7
73.479546,4,121,0
73.479546,8,121,0
73.479546,16,121,0
73.479546,32,121,0
73.556463,32,121,1
73.633379,16,121,1
73.633379,32,121,2
73.710295,32,121,3
73.787211,8,121,1
73.787211,16,121,2
73.787211,32,121,4
73.864127,32,121,5
73.941043,16,121,3
73.941043,32,121,6
74.017959,32,121,7
74.094875,4,122,0
74.094875,8,122,0
74.094875,16,122,0
74.094875,32,122,0
74.168889,32,122,1
74.242902,16,122,1
74.242902,32,122,2
74.316916,32,122,3
74.390930,8,122,1
74.390930,16,122,2
74.390930,32,122,4
74.464943,32,122,5
74.538957,16,122,3
74.538957,32,122,6
74.612971,32,122,7
74.686984,4,123,0
74.686984,8,123,0
74.686984,16,123,0
74.686984,32,123,0
74.763900,32,123,1
74.840816,16,123,1
74.840816,32,123,2
74.917732,32,123,3
74.994649,8,123,1
74.994649,16,123,2
74.994649,32,123,4
75.071565,32,123,5
75.148481,16,123,3
75.148481,32,123,6
75.225397,32,123,7
75.302313,4,124,0
75.302313,8,124,0
75.302313,16,124,0
75.302313,32,124,0
75.377778,32,124,1
75.453243,16,124,1
75.453243,32,124,2
75.528707,32,124,3
75.604172,8,124,1
75.604172,16,124,2
75.604172,32,124,4
75.679637,32,124,5
75.755102,16,124,3
75.755102,32,124,6
75.830567,32,124,7
75.906032,4,125,0
75.906032,8,125,0
75.906032,16,125,0
75.906032,32,125,0
75.982948,32,125,1
76.059864,16,125,1
76.059864,32,125,2
76.136780,32,125,3
76.213696,8,125,1
76.213696,16,125,2
76.213696,32,125,4
76.290612,32,125,5
76.367528,16,125,3
76.367528,32,125,6
76.444444,32,125,7
76.521361,4,126,0
76.521361,8,126,0
76.521361,16,126,0
76.521361,32,126,0
76.595374,32,126,1
76.669388,16,126,1
76.669388,32,126,2
76.743401,32,126,3
76.817415,8,126,1
76.817415,16,126,2
76.817415,32,126,4
76.891429,32,126,5
76.965442,16,126,3
76.965442,32,126,6
77.039456,32,126,7
77.113469,4,127,0
77.113469,8,127,0
77.113469,16,127,0
77.113469,32,127,0
77.190385,32,127,1
77.267302,16,127,1
77.267302,32,127,2
77.344218,32,127,3
77.421134,8,127,1
77.421134,16,127,2
77.421134,32,127,4
77.498050,32,127,5
77.574966,16,127,3
77.574966,32,127,6
77.651882,32,127,7
77.728798,4,128,0
77.728798,8,128,0
77.728798,16,128,0
77.728798,32,128,0
77.804263,32,128,1
77.879728,16,128,1
77.879728,32,128,2
77.955193,32,128,3
78.030658,8,128,1
78.030658,16,128,2
78.030658,32,128,4
78.106122,32,128,5
78.181587,16,128,3
78.181587,32,128,6
78.257052,32,128,7
78.332517,4,129,0
78.332517,8,129,0
78.332517,16,129,0
78.332517,32,129,0
78.407982,32,129,1
78.483447,16,129,1
78.483447,32,129,2
78.558912,32,129,3
78.634376,8,129,1
78.634376,16,129,2
78.634376,32,129,4
78.709841,32,129,5
78.785306,16,129,3
78.785306,32,129,6
78.860771,32,129,7
78.936236,4,130,0
78.936236,8,130,0
78.936236,16,130,0
78.936236,32,130,0
79.011701,32,130,1
79.087166,16,130,1
79.087166,32,130,2
79.162630,32,130,3
79.238095,8,130,1
79.238095,16,130,2
79.238095,32,130,4
79.313560,32,130,5
79.389025,16,130,3
79.389025,32,130,6
79.464490,32,130,7
79.539955,4,131,0
79.539955,8,131,0
79.539955,16,131,0
79.539955,32,131,0
79.616871,32,131,1
79.693787,16,131,1
79.693787,32,131,2
79.770703,32,131,3
79.847619,8,131,1
79.847619,16,131,2
79.847619,32,131,4
79.924535,32,131,5
80.001451,16,131,3
80.001451,32,131,6
80.078367,32,131,7
80.155283,4,132,0
80.155283,8,132,0
80.155283,16,132,0
80.155283,32,132,0
80.229297,32,132,1
80.303311,16,132,1
80.303311,32,132,2
80.377324,32,132,3
80.451338,8,132,1
80.451338,16,132,2
80.451338,32,132,4
80.525351,32,132,5
80.599365,16,132,3
80.599365,32,132,6
80.673379,32,132,7
80.747392,4,133,0
80.747392,8,133,0
80.747392,16,133,0
80.747392,32,133,0
80.824308,32,133,1
80.901224,16,133,1
80.901224,32,133,2
80.978141,32,133,3
81.055057,8,133,1
81.055057,16,133,2
81.055057,32,133,4
81.131973,32,133,5
81.208889,16,133,3
81.208889,32,133,6
81.285805,32,133,7
81.362721,4,134,0
81.362721,8,134,0
81.362721,16,134,0
81.362721,32,134,0
81.438186,32,134,1
81.513651,16,134,1
81.513651,32,134,2
81.589116,32,134,3
81.664580,8,134,1
81.664580,16,134,2
81.664580,32,134,4
81.740045,32,134,5
81.815510,16,134,3
81.815510,32,134,6
81.890975,32,134,7
81.966440,4,135,0
81.966440,8,135,0
81.966440,16,135,0
81.966440,32,135,0
82.043356,32,135,1
82.120272,16,135,1
82.120272,32,135,2
82.197188,32,135,3
82.274104,8,135,1
82.274104,16,135,2
82.274104,32,135,4
82.351020,32,135,5
82.427937,16,135,3
82.427937,32,135,6
82.504853,32,135,7
82.581769,4,136,0
82.581769,8,136,0
82.581769,16,136,0
82.581769,32,136,0
82.655782,32,136,1
82.729796,16,136,1
82.729796,32,136,2
82.803810,32,136,3
82.877823,8,136,1
82.877823,16,136,2
82.877823,32,136,4
82.951837,32,136,5
83.025850,16,136,3
83.025850,32,136,6
83.099864,32,136,7
83.173878,4,137,0
83.173878,8,137,0
83.173878,16,137,0
83.173878,32,137,0
83.250794,32,137,1
83.327710,16,137,1
83.327710,32,137,2
83.404626,32,137,3
83.481542,8,137,1
83.481542,16,137,2
83.481542,32,137,4
83.558458,32,137,5
83.635374,16,137,3
83.635374,32,137,6
83.712290,32,137,7
83.789206,4,138,0
83.789206,8,138,0
83.789206,16,138,0
83.789206,32,138,0
83.863220,32,138,1
83.937234,16,138,1
83.937234,32,138,2
84.011247,32,138,3
84.085261,8,138,1
84.085261,16,138,2
84.085261,32,138,4
84.159274,32,138,5
84.233288,16,138,3
84.233288,32,138,6
84.307302,32,138,7
84.381315,4,139,0
84.381315,8,139,0
84.381315,16,139,0
84.381315,32,139,0
84.458231,32,139,1
84.535147,16,139,1
84.535147,32,139,2
84.612063,32,139,3
84.688980,8,139,1
84.688980,16,139,2
84.688980,32,139,4
84.765896,32,139,5
84.842812,16,139,3
84.842812,32,139,6
84.919728,32,139,7
84.996644,4,140,0
84.996644,8,140,0
84.996644,16,140,0
84.996644,32,140,0
85.072109,32,140,1
85.147574,16,140,1
85.147574,32,140,2
85.223039,32,140,3
85.298503,8,140,1
85.298503,16,140,2
85.298503,32,140,4
85.373968,32,140,5
85.449433,16,140,3
85.449433,32,140,6
85.524898,32,140,7
85.600363,4,141,0
85.600363,8,141,0
85.600363,16,141,0
85.600363,32,141,0
85.677279,32,141,1
85.754195,16,141,1
85.754195,32,141,2
85.831111,32,141,3
85.908027,8,141,1
85.908027,16,141,2
85.908027,32,141,4
85.984943,32,141,5
86.061859,16,141,3
86.061859,32,141,6
86.138776,32,141,7
86.215692,4,142,0
86.215692,8,142,0
86.215692,16,142,0
86.215692,32,142,0
86.289705,32,142,1
86.363719,16,142,1
86.363719,32,142,2
86.437732,32,142,3
86.511746,8,142,1
86.511746,16,142,2
86.511746,32,142,4
86.585760,32,142,5
86.659773,16,142,3
86.659773,32,142,6
86.733787,32,142,7
86.807800,4,143,0
86.807800,8,143,0
86.807800,16,143,0
86.807800,32,143,0
86.884717,32,143,1
86.961633,16,143,1
86.961633,32,143,2
87.038549,32,143,3
87.115465,8,143,1
87.115465,16,143,2
87.115465,32,143,4
87.192381,32,143,5
87.269297,16,143,3
87.269297,32,143,6
87.346213,32,143,7
87.423129,4,144,0
87.423129,8,144,0
87.423129,16,144,0
87.423129,32,144,0
87.498594,32,144,1
87.574059,16,144,1
87.574059,32,144,2
87.649524,32,144,3
87.724989,8,144,1
87.724989,16,144,2
87.724989,32,144,4
87.800454,32,144,5
87.875918,16,144,3
87.875918,32,144,6
87.951383,32,144,7
88.026848,4,145,0
88.026848,8,145,0
88.026848,16,145,0
88.026848,32,145,0
88.102313,32,145,1
88.177778,16,145,1
88.177778,32,145,2
88.253243,32,145,3
88.328707,8,145,1
88.328707,16,145,2
88.328707,32,145,4
88.404172,32,145,5
88.479637,16,145,3
88.479637,32,145,6
88.555102,32,145,7
88.630567,4,146,0
88.630567,8,146,0
88.630567,16,146,0
88.630567,32,146,0
88.706032,32,146,1
88.781497,16,146,1
88.781497,32,146,2
88.856961,32,146,3
88.932426,8,146,1
88.932426,16,146,2
88.932426,32,146,4
89.007891,32,146,5
89.083356,16,146,3
89.083356,32,146,6
89.158821,32,146,7
89.234286,4,147,0
89.234286,8,147,0
89.234286,16,147,0
89.234286,32,147,0
89.311202,32,147,1
89.388118,16,147,1
89.388118,32,147,2
89.465034,32,147,3
89.541950,8,147,1
89.541950,16,147,2
89.541950,32,147,4
89.618866,32,147,5
89.695782,16,147,3
89.695782,32,147,6
89.772698,32,147,7
89.849615,4,148,0
89.849615,8,148,0
89.849615,16,148,0
89.849615,32,148,0
89.923628,32,148,1
89.997642,16,148,1
89.997642,32,148,2
90.071655,32,148,3
90.145669,8,148,1
90.145669,16,148,2
90.145669,32,148,4
90.219683,32,148,5
90.293696,16,148,3
90.293696,32,148,6
90.367710,32,148,7
90.441723,4,149,0
90.441723,8,149,0
90.441723,16,149,0
90.441723,32,149,0
90.518639,32,149,1
90.595556,16,149,1
90.595556,32,149,2
90.672472,32,149,3
90.749388,8,149,1
90.749388,16,149,2
90.749388,32,149,4
90.826304,32,149,5
90.903220,16,149,3
90.903220,32,149,6
90.980136,32,149,7
91.057052,4,150,0
91.057052,8,150,0
91.057052,16,150,0
91.057052,32,150,0
91.132517,32,150,1
91.207982,16,150,1
91.207982,32,150,2
91.283447,32,150,3
91.358912,8,150,1
91.358912,16,150,2
91.358912,32,150,4
91.434376,32,150,5
91.509841,16,150,3
91.509841,32,150,6
91.585306,32,150,7
91.660771,4,151,0
91.660771,8,151,0
91.660771,16,151,0
91.660771,32,151,0
91.736236,32,151,1
91.811701,16,151,1
91.811701,32,151,2
91.887166,32,151,3
91.962630,8,151,1
91.962630,16,151,2
91.962630,32,151,4
92.038095,32,151,5
92.113560,16,151,3
92.113560,32,151,6
92.189025,32,151,7
92.264490,4,152,0
92.264490,8,152,0
92.264490,16,152,0
92.264490,32,152,0
92.339955,32,152,1
92.415420,16,152,1
92.415420,32,152,2
92.490884,32,152,3
92.566349,8,152,1
92.566349,16,152,2
92.566349,32,152,4
92.641814,32,152,5
92.717279,16,152,3
92.717279,32,152,6
92.792744,32,152,7
92.868209,4,153,0
92.868209,8,153,0
92.868209,16,153,0
92.868209,32,153,0
92.945125,32,153,1
93.022041,16,153,1
93.022041,32,153,2
93.098957,32,153,3
93.175873,8,153,1
93.175873,16,153,2
93.175873,32,153,4
93.252789,32,153,5
93.329705,16,153,3
93.329705,32,153,6
93.406621,32,153,7
93.483537,4,154,0
93.483537,8,154,0
93.483537,16,154,0
93.483537,32,154,0
93.557551,32,154,1
93.631565,16,154,1
93.631565,32,154,2
93.705578,32,154,3
93.779592,8,154,1
93.779592,16,154,2
93.779592,32,154,4
93.853605,32,154,5
93.927619,16,154,3
93.927619,32,154,6
94.001633,32,154,7
94.075646,4,155,0
94.075646,8,155,0
94.075646,16,155,0
94.075646,32,155,0
94.152562,32,155,1
94.229478,16,155,1
94.229478,32,155,2
94.306395,32,155,3
94.383311,8,155,1
94.383311,16,155,2
94.383311,32,155,4
94.460227,32,155,5
94.537143,16,155,3
94.537143,32,155,6
94.614059,32,155,7
94.690975,4,156,0
94.690975,8,156,0
94.690975,16,156,0
94.690975,32,156,0
94.766440,32,156,1
94.841905,16,156,1
94.841905,32,156,2
94.917370,32,156,3
94.992834,8,156,1
94.992834,16,156,2
94.992834,32,156,4
95.068299,32,156,5
95.143764,16,156,3
95.143764,32,156,6
95.219229,32,156,7
95.294694,4,157,0
95.294694,8,157,0
95.294694,16,157,0
95.294694,32,157,0
95.371610,32,157,1
95.448526,16,157,1
95.448526,32,157,2
95.525442,32,157,3
95.602358,8,157,1
95.602358,16,157,2
95.602358,32,157,4
95.679274,32,157,5
95.756190,16,157,3
95.756190,32,157,6
95.833107,32,157,7
95.910023,4,158,0
95.910023,8,158,0
95.910023,16,158,0
95.910023,32,158,0
95.984036,32,158,1
96.058050,16,158,1
96.058050,32,158,2
96.132063,32,158,3
96.206077,8,158,1
96.206077,16,158,2
96.206077,32,158,4
96.280091,32,158,5
96.354104,16,158,3
96.354104,32,158,6
96.428118,32,158,7
96.502132,4,159,0
96.502132,8,159,0
96.502132,16,159,0
96.502132,32,159,0
96.576145,32,159,1
96.650159,16,159,1
96.650159,32,159,2
96.724172,32,159,3
96.798186,8,159,1
96.798186,16,159,2
96.798186,32,159,4
96.872200,32,159,5
96.946213,16,159,3
96.946213,32,159,6
97.020227,32,159,7
97.094240,4,160,0
97.094240,8,160,0
97.094240,16,160,0
97.094240,32,160,0
97.169705,32,160,1
97.245170,16,160,1
97.245170,32,160,2
97.320635,32,160,3
97.396100,8,160,1
97.396100,16,160,2
97.396100,32,160,4
97.471565,32,160,5
97.547029,16,160,3
97.547029,32,160,6
97.622494,32,160,7
97.697959,4,161,0
97.697959,8,161,0
97.697959,16,161,0
97.697959,32,161,0
97.771973,32,161,1
97.845986,16,161,1
97.845986,32,161,2
97.920000,32,161,3
97.994014,8,161,1
97.994014,16,161,2
97.994014,32,161,4
98.068027,32,161,5
98.142041,16,161,3
98.142041,32,161,6
98.216054,32,161,7
98.290068,4,162,0
98.290068,8,162,0
98.290068,16,162,0
98.290068,32,162,0
98.364082,32,162,1
98.438095,16,162,1
98.438095,32,162,2
98.512109,32,162,3
98.586122,8,162,1
98.586122,16,162,2
98.586122,32,162,4
98.660136,32,162,5
98.734150,16,162,3
98.734150,32,162,6
98.808163,32,162,7
98.882177,4,163,0
98.882177,8,163,0
98.882177,16,163,0
98.882177,32,163,0
98.956190,32,163,1
99.030204,16,163,1
99.030204,32,163,2
99.104218,32,163,3
99.178231,8,163,1
99.178231,16,163,2
99.178231,32,163,4
99.252245,32,163,5
99.326259,16,163,3
99.326259,32,163,6
99.400272,32,163,7
99.474286,4,164,0
99.474286,8,164,0
99.474286,16,164,0
99.474286,32,164,0
99.548299,32,164,1
99.622313,16,164,1
99.622313,32,164,2
99.696327,32,164,3
99.770340,8,164,1
99.770340,16,164,2
99.770340,32,164,4
99.844354,32,164,5
99.918367,16,164,3
99.918367,32,164,6
99.992381,32,164,7
100.066395,4,165,0
100.066395,8,165,0
100.066395,16,165,0
100.066395,32,165,0
100.138957,32,165,1
100.211519,16,165,1
100.211519,32,165,2
100.284082,32,165,3
100.356644,8,165,1
100.356644,16,165,2
100.356644,32,165,4
100.429206,32,165,5
100.501769,16,165,3
100.501769,32,165,6
100.574331,32,165,7
100.646893,4,166,0
100.646893,8,166,0
100.646893,16,166,0
100.646893,32,166,0
100.723810,32,166,1
100.800726,16,166,1
100.800726,32,166,2
100.877642,32,166,3
100.954558,8,166,1
100.954558,16,166,2
100.954558,32,166,4
101.031474,32,166,5
101.108390,16,166,3
101.108390,32,166,6
101.185306,32,166,7
101.262222,4,167,0
101.262222,8,167,0
101.262222,16,167,0
101.262222,32,167,0
101.337687,32,167,1
101.413152,16,167,1
101.413152,32,167,2
101.488617,32,167,3
101.564082,8,167,1
101.564082,16,167,2
101.564082,32,167,4
101.639546,32,167,5
101.715011,16,167,3
101.715011,32,167,6
101.790476,32,167,7
101.865941,4,168,0
101.865941,8,168,0
101.865941,16,168,0
101.865941,32,168,0
101.942857,32,168,1
102.019773,16,168,1
102.019773,32,168,2
102.096689,32,168,3
102.173605,8,168,1
102.173605,16,168,2
102.173605,32,168,4
102.250522,32,168,5
102.327438,16,168,3
102.327438,32,168,6
102.404354,32,168,7
102.481270,4,169,0
102.481270,8,169,0
102.481270,16,169,0
102.481270,32,169,0
102.556735,32,169,1
102.632200,16,169,1
102.632200,32,169,2
102.707664,32,169,3
102.783129,8,169,1
102.783129,16,169,2
102.783129,32,169,4
102.858594,32,169,5
102.934059,16,169,3
102.934059,32,169,6
103.009524,32,169,7
103.084989,4,170,0
103.084989,8,170,0
103.084989,16,170,0
103.084989,32,170,0
103.160454,32,170,1
103.235918,16,170,1
103.235918,32,170,2
103.311383,32,170,3
103.386848,8,170,1
103.386848,16,170,2
103.386848,32,170,4
103.462313,32,170,5
103.537778,16,170,3
103.537778,32,170,6
103.613243,32,170,7
103.688707,4,171,0
103.688707,8,171,0
103.688707,16,171,0
103.688707,32,171,0
103.765624,32,171,1
103.842540,16,171,1
103.842540,32,171,2
103.919456,32,171,3
103.996372,8,171,1
103.996372,16,171,2
103.996372,32,171,4
104.073288,32,171,5
104.150204,16,171,3
104.150204,32,171,6
104.227120,32,171,7
104.304036,4,172,0
104.304036,8,172,0
104.304036,16,172,0
104.304036,32,172,0
104.380952,32,172,1
104.457868,16,172,1
104.457868,32,172,2
104.534785,32,172,3
104.611701,8,172,1
104.611701,16,172,2
104.611701,32,172,4
104.688617,32,172,5
104.765533,16,172,3
104.765533,32,172,6
104.842449,32,172,7
104.919365,4,173,0
104.919365,8,173,0
104.919365,16,173,0
104.919365,32,173,0
104.996281,32,173,1
105.073197,16,173,1
105.073197,32,173,2
105.150113,32,173,3
105.227029,8,173,1
105.227029,16,173,2
105.227029,32,173,4
105.303946,32,173,5
105.380862,16,173,3
105.380862,32,173,6
105.457778,32,173,7
105.534694,4,174,0
105.534694,8,174,0
105.534694,16,174,0
105.534694,32,174,0
105.617415,32,174,1
105.700136,16,174,1
105.700136,32,174,2
105.782857,32,174,3
105.865578,8,174,1
105.865578,16,174,2
105.865578,32,174,4
105.948299,32,174,5
106.031020,16,174,3
106.031020,32,174,6
106.113741,32,174,7
106.196463,4,175,0
106.196463,8,175,0
106.196463,16,175,0
106.196463,32,175,0
106.273379,32,175,1
106.350295,16,175,1
106.350295,32,175,2
106.427211,32,175,3
106.504127,8,175,1
106.504127,16,175,2
106.504127,32,175,4
106.581043,32,175,5
106.657959,16,175,3
106.657959,32,175,6
106.734875,32,175,7
106.811791,4,176,0
106.811791,8,176,0
106.811791,16,176,0
106.811791,32,176,0
106.885805,32,176,1
106.959819,16,176,1
106.959819,32,176,2
107.033832,32,176,3
107.107846,8,176,1
107.107846,16,176,2
107.107846,32,176,4
107.181859,32,176,5
107.255873,16,176,3
107.255873,32,176,6
107.329887,32,176,7
107.403900,4,177,0
107.403900,8,177,0
107.403900,16,177,0
107.403900,32,177,0
107.480816,32,177,1
107.557732,16,177,1
107.557732,32,177,2
107.634649,32,177,3
107.711565,8,177,1
107.711565,16,177,2
107.711565,32,177,4
107.788481,32,177,5
107.865397,16,177,3
107.865397,32,177,6
107.942313,32,177,7
108.019229,4,178,0
108.019229,8,178,0
108.019229,16,178,0
108.019229,32,178,0
108.094694,32,178,1
108.170159,16,178,1
108.170159,32,178,2
108.245624,32,178,3
108.321088,8,178,1
108.321088,16,178,2
108.321088,32,178,4
108.396553,32,178,5
108.472018,16,178,3
108.472018,32,178,6
108.547483,32,178,7
108.622948,4,179,0
108.622948,8,179,0
108.622948,16,179,0
108.622948,32,179,0
108.698413,32,179,1
108.773878,16,179,1
108.773878,32,179,2
108.849342,32,179,3
108.924807,8,179,1
108.924807,16,179,2
108.924807,32,179,4
109.000272,32,179,5
109.075737,16,179,3
109.075737,32,179,6
109.151202,32,179,7
109.226667,4,180,0
109.226667,8,180,0
109.226667,16,180,0
109.226667,32,180,0
109.302132,32,180,1
109.377596,16,180,1
109.377596,32,180,2
109.453061,32,180,3
109.528526,8,180,1
109.528526,16,180,2
109.528526,32,180,4
109.603991,32,180,5
109.679456,16,180,3
109.679456,32,180,6
109.754921,32,180,7
109.830385,4,181,0
109.830385,8,181,0
109.830385,16,181,0
109.830385,32,181,0
109.907302,32,181,1
109.984218,16,181,1
109.984218,32,181,2
110.061134,32,181,3
110.138050,8,181,1
110.138050,16,181,2
110.138050,32,181,4
110.214966,32,181,5
110.291882,16,181,3
110.291882,32,181,6
110.368798,32,181,7
110.445714,4,182,0
110.445714,8,182,0
110.445714,16,182,0
110.445714,32,182,0
110.519728,32,182,1
110.593741,16,182,1
110.593741,32,182,2
110.667755,32,182,3
110.741769,8,182,1
110.741769,16,182,2
110.741769,32,182,4
110.815782,32,182,5
110.889796,16,182,3
110.889796,32,182,6
110.963810,32,182,7
111.037823,4,183,0
111.037823,8,183,0
111.037823,16,183,0
111.037823,32,183,0
111.114739,32,183,1
111.191655,16,183,1
111.191655,32,183,2
111.268571,32,183,3
111.345488,8,183,1
111.345488,16,183,2
111.345488,32,183,4
111.422404,32,183,5
111.499320,16,183,3
111.499320,32,183,6
111.576236,32,183,7
111.653152,4,184,0
111.653152,8,184,0
111.653152,16,184,0
111.653152,32,184,0
111.728617,32,184,1
111.804082,16,184,1
111.804082,32,184,2
111.879546,32,184,3
111.955011,8,184,1
111.955011,16,184,2
111.955011,32,184,4
112.030476,32,184,5
112.105941,16,184,3
112.105941,32,184,6
112.181406,32,184,7
112.256871,4,185,0
112.256871,8,185,0
112.256871,16,185,0
112.256871,32,185,0
112.332336,32,185,1
112.407800,16,185,1
112.407800,32,185,2
112.483265,32,185,3
112.558730,8,185,1
112.558730,16,185,2
112.558730,32,185,4
112.634195,32,185,5
112.709660,16,185,3
112.709660,32,185,6
112.785125,32,185,7
112.860590,4,186,0
112.860590,8,186,0
112.860590,16,186,0
112.860590,32,186,0
112.936054,32,186,1
113.011519,16,186,1
113.011519,32,186,2
113.086984,32,186,3
113.162449,8,186,1
113.162449,16,186,2
113.162449,32,186,4
113.237914,32,186,5
113.313379,16,186,3
113.313379,32,186,6
113.388844,32,186,7
113.464308,4,187,0
113.464308,8,187,0
113.464308,16,187,0
113.464308,32,187,0
113.541224,32,187,1
113.618141,16,187,1
113.618141,32,187,2
113.695057,32,187,3
113.771973,8,187,1
113.771973,16,187,2
113.771973,32,187,4
113.848889,32,187,5
113.925805,16,187,3
113.925805,32,187,6
114.002721,32,187,7
114.079637,4,188,0
114.079637,8,188,0
114.079637,16,188,0
114.079637,32,188,0
114.155102,32,188,1
114.230567,16,188,1
114.230567,32,188,2
114.306032,32,188,3
114.381497,8,188,1
114.381497,16,188,2
114.381497,32,188,4
114.456961,32,188,5
114.532426,16,188,3
114.532426,32,188,6
114.607891,32,188,7
114.683356,4,189,0
114.683356,8,189,0
114.683356,16,189,0
114.683356,32,189,0
114.758821,32,189,1
114.834286,16,189,1
114.834286,32,189,2
114.909751,32,189,3
114.985215,8,189,1
114.985215,16,189,2
114.985215,32,189,4
115.060680,32,189,5
115.136145,16,189,3
115.136145,32,189,6
115.211610,32,189,7
115.287075,4,190,0
115.287075,8,190,0
115.287075,16,190,0
115.287075,32,190,0
115.362540,32,190,1
115.438005,16,190,1
115.438005,32,190,2
115.513469,32,190,3
115.588934,8,190,1
115.588934,16,190,2
115.588934,32,190,4
115.664399,32,190,5
115.739864,16,190,3
115.739864,32,190,6
115.815329,32,190,7
115.890794,4,191,0
115.890794,8,191,0
115.890794,16,191,0
115.890794,32,191,0
115.966259,32,191,1
116.041723,16,191,1
116.041723,32,191,2
116.117188,32,191,3
116.192653,8,191,1
116.192653,16,191,2
116.192653,32,191,4
116.268118,32,191,5
116.343583,16,191,3
116.343583,32,191,6
116.419048,32,191,7
116.494512,4,192,0
116.494512,8,192,0
116.494512,16,192,0
116.494512,32,192,0
116.571429,32,192,1
116.648345,16,192,1
116.648345,32,192,2
116.725261,32,192,3
116.802177,8,192,1
116.802177,16,192,2
116.802177,32,192,4
116.879093,32,192,5
116.956009,16,192,3
116.956009,32,192,6
117.032925,32,192,7
117.109841,4,193,0
117.109841,8,193,0
117.109841,16,193,0
117.109841,32,193,0
117.185306,32,193,1
117.260771,16,193,1
117.260771,32,193,2
117.336236,32,193,3
117.411701,8,193,1
117.411701,16,193,2
117.411701,32,193,4
117.487166,32,193,5
117.562630,16,193,3
117.562630,32,193,6
117.638095,32,193,7
117.713560,4,194,0
117.713560,8,194,0
117.713560,16,194,0
117.713560,32,194,0
117.789025,32,194,1
117.864490,16,194,1
117.864490,32,194,2
117.939955,32,194,3
118.015420,8,194,1
118.015420,16,194,2
118.015420,32,194,4
118.090884,32,194,5
118.166349,16,194,3
118.166349,32,194,6
118.241814,32,194,7
118.317279,4,195,0
118.317279,8,195,0
118.317279,16,195,0
118.317279,32,195,0
118.394195,32,195,1
118.471111,16,195,1
118.471111,32,195,2
118.548027,32,195,3
118.624943,8,195,1
118.624943,16,195,2
118.624943,32,195,4
118.701859,32,195,5
118.778776,16,195,3
118.778776,32,195,6
118.855692,32,195,7
118.932608,4,196,0
118.932608,8,196,0
118.932608,16,196,0
118.932608,32,196,0
119.006621,32,196,1
119.080635,16,196,1
119.080635,32,196,2
119.154649,32,196,3
119.228662,8,196,1
119.228662,16,196,2
119.228662,32,196,4
119.302676,32,196,5
119.376689,16,196,3
119.376689,32,196,6
119.450703,32,196,7
119.524717,4,197,0
119.524717,8,197,0
119.524717,16,197,0
119.524717,32,197,0
119.601633,32,197,1
119.678549,16,197,1
119.678549,32,197,2
119.755465,32,197,3
119.832381,8,197,1
119.832381,16,197,2
119.832381,32,197,4
119.909297,32,197,5
119.986213,16,197,3
119.986213,32,197,6
120.063129,32,197,7
120.140045,4,198,0
120.140045,8,198,0
120.140045,16,198,0
120.140045,32,198,0
120.214059,32,198,1
120.288073,16,198,1
120.288073,32,198,2
120.362086,32,198,3
120.436100,8,198,1
120.436100,16,198,2
120.436100,32,198,4
120.510113,32,198,5
120.584127,16,198,3
120.584127,32,198,6
120.658141,32,198,7
120.732154,4,199,0
120.732154,8,199,0
120.732154,16,199,0
120.732154,32,199,0
120.809070,32,199,1
120.885986,16,199,1
120.885986,32,199,2
120.962902,32,199,3
121.039819,8,199,1
121.039819,16,199,2
121.039819,32,199,4
121.116735,32,199,5
121.193651,16,199,3
121.193651,32,199,6
121.270567,32,199,7
121.347483,4,200,0
121.347483,8,200,0
121.347483,16,200,0
121.347483,32,200,0
121.422948,32,200,1
121.498413,16,200,1
121.498413,32,200,2
121.573878,32,200,3
121.649342,8,200,1
121.649342,16,200,2
121.649342,32,200,4
121.724807,32,200,5
121.800272,16,200,3
121.800272,32,200,6
121.875737,32,200,7
121.951202,4,201,0
121.951202,8,201,0
121.951202,16,201,0
121.951202,32,201,0
122.028118,32,201,1
122.105034,16,201,1
122.105034,32,201,2
122.181950,32,201,3
122.258866,8,201,1
122.258866,16,201,2
122.258866,32,201,4
122.335782,32,201,5
122.412698,16,201,3
122.412698,32,201,6
122.489615,32,201,7
122.566531,4,202,0
122.566531,8,202,0
122.566531,16,202,0
122.566531,32,202,0
122.640544,32,202,1
122.714558,16,202,1
122.714558,32,202,2
122.788571,32,202,3
122.862585,8,202,1
122.862585,16,202,2
122.862585,32,202,4
122.936599,32,202,5
123.010612,16,202,3
123.010612,32,202,6
123.084626,32,202,7
123.158639,4,203,0
123.158639,8,203,0
123.158639,16,203,0
123.158639,32,203,0
123.235556,32,203,1
123.312472,16,203,1
123.312472,32,203,2
123.389388,32,203,3
123.466304,8,203,1
123.466304,16,203,2
123.466304,32,203,4
123.543220,32,203,5
123.620136,16,203,3
123.620136,32,203,6
123.697052,32,203,7
123.773968,4,204,0
123.773968,8,204,0
123.773968,16,204,0
123.773968,32,204,0
123.847982,32,204,1
123.921995,16,204,1
123.921995,32,204,2
123.996009,32,204,3
124.070023,8,204,1
124.070023,16,204,2
124.070023,32,204,4
124.144036,32,204,5
124.218050,16,204,3
124.218050,32,204,6
124.292063,32,204,7
124.366077,4,205,0
124.366077,8,205,0
124.366077,16,205,0
124.366077,32,205,0
124.442993,32,205,1
124.519909,16,205,1
124.519909,32,205,2
124.596825,32,205,3
124.673741,8,205,1
124.673741,16,205,2
124.673741,32,205,4
124.750658,32,205,5
124.827574,16,205,3
124.827574,32,205,6
124.904490,32,205,7
124.981406,4,206,0
124.981406,8,206,0
124.981406,16,206,0
124.981406,32,206,0
125.056871,32,206,1
125.132336,16,206,1
125.132336,32,206,2
125.207800,32,206,3
125.283265,8,206,1
125.283265,16,206,2
125.283265,32,206,4
125.358730,32,206,5
125.434195,16,206,3
125.434195,32,206,6
125.509660,32,206,7
125.585125,4,207,0
125.585125,8,207,0
125.585125,16,207,0
125.585125,32,207,0
125.660590,32,207,1
125.736054,16,207,1
125.736054,32,207,2
125.811519,32,207,3
125.886984,8,207,1
125.886984,16,207,2
125.886984,32,207,4
125.962449,32,207,5
126.037914,16,207,3
126.037914,32,207,6
126.113379,32,207,7
126.188844,4,208,0
126.188844,8,208,0
126.188844,16,208,0
126.188844,32,208,0
126.264308,32,208,1
126.339773,16,208,1
126.339773,32,208,2
126.415238,32,208,3
126.490703,8,208,1
126.490703,16,208,2
126.490703,32,208,4
126.566168,32,208,5
126.641633,16,208,3
126.641633,32,208,6
126.717098,32,208,7
126.792562,4,209,0
126.792562,8,209,0
126.792562,16,209,0
126.792562,32,209,0
126.869478,32,209,1
126.946395,16,209,1
126.946395,32,209,2
127.023311,32,209,3
127.100227,8,209,1
127.100227,16,209,2
127.100227,32,209,4
127.177143,32,209,5
127.254059,16,209,3
127.254059,32,209,6
127.330975,32,209,7
127.407891,4,210,0
127.407891,8,210,0
127.407891,16,210,0
127.407891,32,210,0
127.481905,32,210,1
127.555918,16,210,1
127.555918,32,210,2
127.629932,32,210,3
127.703946,8,210,1
127.703946,16,210,2
127.703946,32,210,4
127.777959,32,210,5
127.851973,16,210,3
127.851973,32,210,6
127.925986,32,210,7
128.000000,4,211,0
128.000000,8,211,0
128.000000,16,211,0
128.000000,32,211,0
128.078367,32,211,1
128.156735,16,211,1
128.156735,32,211,2
128.235102,32,211,3
128.313469,8,211,1
128.313469,16,211,2
128.313469,32,211,4
128.391837,32,211,5
128.470204,16,211,3
128.470204,32,211,6
128.548571,32,211,7
128.626939,4,212,0
128.626939,8,212,0
128.626939,16,212,0
128.626939,32,212,0
128.700952,32,212,1
128.774966,16,212,1
128.774966,32,212,2
128.848980,32,212,3
128.922993,8,212,1
128.922993,16,212,2
128.922993,32,212,4
128.997007,32,212,5
129.071020,16,212,3
129.071020,32,212,6
129.145034,32,212,7
129.219048,4,213,0
129.219048,8,213,0
129.219048,16,213,0
129.219048,32,213,0
129.295964,32,213,1
129.372880,16,213,1
129.372880,32,213,2
129.449796,32,213,3
129.526712,8,213,1
129.526712,16,213,2
129.526712,32,213,4
129.603628,32,213,5
129.680544,16,213,3
129.680544,32,213,6
129.757460,32,213,7
129.834376,4,214,0
129.834376,8,214,0
129.834376,16,214,0
129.834376,32,214,0
129.908390,32,214,1
129.982404,16,214,1
129.982404,32,214,2
130.056417,32,214,3
130.130431,8,214,1
130.130431,16,214,2
130.130431,32,214,4
130.204444,32,214,5
130.278458,16,214,3
130.278458,32,214,6
130.352472,32,214,7
130.426485,4,215,0
130.426485,8,215,0
130.426485,16,215,0
130.426485,32,215,0
130.503401,32,215,1
130.580317,16,215,1
130.580317,32,215,2
130.657234,32,215,3
130.734150,8,215,1
130.734150,16,215,2
130.734150,32,215,4
130.811066,32,215,5
130.887982,16,215,3
130.887982,32,215,6
130.964898,32,215,7
131.041814,4,216,0
131.041814,8,216,0
131.041814,16,216,0
131.041814,32,216,0
131.115828,32,216,1
131.189841,16,216,1
131.189841,32,216,2
131.263855,32,216,3
131.337868,8,216,1
131.337868,16,216,2
131.337868,32,216,4
131.411882,32,216,5
131.485896,16,216,3
131.485896,32,216,6
131.559909,32,216,7
131.633923,4,217,0
131.633923,8,217,0
131.633923,16,217,0
131.633923,32,217,0
131.710839,32,217,1
131.787755,16,217,1
131.787755,32,217,2
131.864671,32,217,3
131.941587,8,217,1
131.941587,16,217,2
131.941587,32,217,4
132.018503,32,217,5
132.095420,16,217,3
132.095420,32,217,6
132.172336,32,217,7
132.249252,4,218,0
132.249252,8,218,0
132.249252,16,218,0
132.249252,32,218,0
132.324717,32,218,1
132.400181,16,218,1
132.400181,32,218,2
132.475646,32,218,3
132.551111,8,218,1
132.551111,16,218,2
132.551111,32,218,4
132.626576,32,218,5
132.702041,16,218,3
132.702041,32,218,6
132.777506,32,218,7
132.852971,4,219,0
132.852971,8,219,0
132.852971,16,219,0
132.852971,32,219,0
132.929887,32,219,1
133.006803,16,219,1
133.006803,32,219,2
133.083719,32,219,3
133.160635,8,219,1
133.160635,16,219,2
133.160635,32,219,4
133.237551,32,219,5
133.314467,16,219,3
133.314467,32,219,6
133.391383,32,219,7
133.468299,4,220,0
133.468299,8,220,0
133.468299,16,220,0
133.468299,32,220,0
133.542313,32,220,1
133.616327,16,220,1
133.616327,32,220,2
133.690340,32,220,3
133.764354,8,220,1
133.764354,16,220,2
133.764354,32,220,4
133.838367,32,220,5
133.912381,16,220,3
133.912381,32,220,6
133.986395,32,220,7
134.060408,4,221,0
134.060408,8,221,0
134.060408,16,221,0
134.060408,32,221,0
134.135873,32,221,1
134.211338,16,221,1
134.211338,32,221,2
134.286803,32,221,3
134.362268,8,221,1
134.362268,16,221,2
134.362268,32,221,4
134.437732,32,221,5
134.513197,16,221,3
134.513197,32,221,6
134.588662,32,221,7
134.664127,4,222,0
134.664127,8,222,0
134.664127,16,222,0
134.664127,32,222,0
134.739592,32,222,1
134.815057,16,222,1
134.815057,32,222,2
134.890522,32,222,3
134.965986,8,222,1
134.965986,16,222,2
134.965986,32,222,4
135.041451,32,222,5
135.116916,16,222,3
135.116916,32,222,6
135.192381,32,222,7
135.267846,4,223,0
135.267846,8,223,0
135.267846,16,223,0
135.267846,32,223,0
135.344762,32,223,1
135.421678,16,223,1
135.421678,32,223,2
135.498594,32,223,3
135.575510,8,223,1
135.575510,16,223,2
135.575510,32,223,4
135.652426,32,223,5
135.729342,16,223,3
135.729342,32,223,6
135.806259,32,223,7
135.883175,4,224,0
135.883175,8,224,0
135.883175,16,224,0
135.883175,32,224,0
135.958639,32,224,1
136.034104,16,224,1
136.034104,32,224,2
136.109569,32,224,3
136.185034,8,224,1
136.185034,16,224,2
136.185034,32,224,4
136.260499,32,224,5
136.335964,16,224,3
136.335964,32,224,6
136.411429,32,224,7
136.486893,4,225,0
136.486893,8,225,0
136.486893,16,225,0
136.486893,32,225,0
136.563810,32,225,1
136.640726,16,225,1
136.640726,32,225,2
136.717642,32,225,3
136.794558,8,225,1
136.794558,16,225,2
136.794558,32,225,4
136.871474,32,225,5
136.948390,16,225,3
136.948390,32,225,6
137.025306,32,225,7
137.102222,4,226,0
137.102222,8,226,0
137.102222,16,226,0
137.102222,32,226,0
137.176236,32,226,1
137.250249,16,226,1
137.250249,32,226,2
137.324263,32,226,3
137.398277,8,226,1
137.398277,16,226,2
137.398277,32,226,4
137.472290,32,226,5
137.546304,16,226,3
137.546304,32,226,6
137.620317,32,226,7
137.694331,4,227,0
137.694331,8,227,0
137.694331,16,227,0
137.694331,32,227,0
137.772698,32,227,1
137.851066,16,227,1
137.851066,32,227,2
137.929433,32,227,3
138.007800,8,227,1
138.007800,16,227,2
138.007800,32,227,4
138.086168,32,227,5
138.164535,16,227,3
138.164535,32,227,6
138.242902,32,227,7
138.321270,4,228,0
138.321270,8,228,0
138.321270,16,228,0
138.321270,32,228,0
138.395283,32,228,1
138.469297,16,228,1
138.469297,32,228,2
138.543311,32,228,3
138.617324,8,228,1
138.617324,16,228,2
138.617324,32,228,4
138.691338,32,228,5
138.765351,16,228,3
138.765351,32,228,6
138.839365,32,228,7
138.913379,4,229,0
138.913379,8,229,0
138.913379,16,229,0
138.913379,32,229,0
138.990295,32,229,1
139.067211,16,229,1
139.067211,32,229,2
139.144127,32,229,3
139.221043,8,229,1
139.221043,16,229,2
139.221043,32,229,4
139.297959,32,229,5
139.374875,16,229,3
139.374875,32,229,6
139.451791,32,229,7
139.528707,4,230,0
139.528707,8,230,0
139.528707,16,230,0
139.528707,32,230,0
139.602721,32,230,1
139.676735,16,230,1
139.676735,32,230,2
139.750748,32,230,3
139.824762,8,230,1
139.824762,16,230,2
139.824762,32,230,4
139.898776,32,230,5
139.972789,16,230,3
139.972789,32,230,6
140.046803,32,230,7
140.120816,4,231,0
140.120816,8,231,0
140.120816,16,231,0
140.120816,32,231,0
140.197732,32,231,1
140.274649,16,231,1
140.274649,32,231,2
140.351565,32,231,3
140.428481,8,231,1
140.428481,16,231,2
140.428481,32,231,4
140.505397,32,231,5
140.582313,16,231,3
140.582313,32,231,6
140.659229,32,231,7
140.736145,4,232,0
140.736145,8,232,0
140.736145,16,232,0
140.736145,32,232,0
140.810159,32,232,1
140.884172,16,232,1
140.884172,32,232,2
140.958186,32,232,3
141.032200,8,232,1
141.032200,16,232,2
141.032200,32,232,4
141.106213,32,232,5
141.180227,16,232,3
141.180227,32,232,6
141.254240,32,232,7
141.328254,4,233,0
141.328254,8,233,0
141.328254,16,233,0
141.328254,32,233,0
141.405170,32,233,1
141.482086,16,233,1
141.482086,32,233,2
141.559002,32,233,3
141.635918,8,233,1
141.635918,16,233,2
141.635918,32,233,4
141.712834,32,233,5
141.789751,16,233,3
141.789751,32,233,6
141.866667,32,233,7
141.943583,4,234,0
141.943583,8,234,0
141.943583,16,234,0
141.943583,32,234,0
142.019048,32,234,1
142.094512,16,234,1
142.094512,32,234,2
142.169977,32,234,3
142.245442,8,234,1
142.245442,16,234,2
142.245442,32,234,4
142.320907,32,234,5
142.396372,16,234,3
142.396372,32,234,6
142.471837,32,234,7
142.547302,4,235,0
142.547302,8,235,0
142.547302,16,235,0
142.547302,32,235,0
142.624218,32,235,1
142.701134,16,235,1
142.701134,32,235,2
142.778050,32,235,3
142.854966,8,235,1
142.854966,16,235,2
142.854966,32,235,4
142.931882,32,235,5
143.008798,16,235,3
143.008798,32,235,6
143.085714,32,235,7
143.162630,4,236,0
143.162630,8,236,0
143.162630,16,236,0
143.162630,32,236,0
143.236644,32,236,1
143.310658,16,236,1
143.310658,32,236,2
143.384671,32,236,3
143.458685,8,236,1
143.458685,16,236,2
143.458685,32,236,4
143.532698,32,236,5
143.606712,16,236,3
143.606712,32,236,6
143.680726,32,236,7
143.754739,4,237,0
143.754739,8,237,0
143.754739,16,237,0
143.754739,32,237,0
143.830204,32,237,1
143.905669,16,237,1
143.905669,32,237,2
143.981134,32,237,3
144.056599,8,237,1
144.056599,16,237,2
144.056599,32,237,4
144.132063,32,237,5
144.207528,16,237,3
144.207528,32,237,6
144.282993,32,237,7
144.358458,4,238,0
144.358458,8,238,0
144.358458,16,238,0
144.358458,32,238,0
144.433923,32,238,1
144.509388,16,238,1
144.509388,32,238,2
144.584853,32,238,3
144.660317,8,238,1
144.660317,16,238,2
144.660317,32,238,4
144.735782,32,238,5
144.811247,16,238,3
144.811247,32,238,6
144.886712,32,238,7
144.962177,4,239,0
144.962177,8,239,0
144.962177,16,239,0
144.962177,32,239,0
145.039093,32,239,1
145.116009,16,239,1
145.116009,32,239,2
145.192925,32,239,3
145.269841,8,239,1
145.269841,16,239,2
145.269841,32,239,4
145.346757,32,239,5
145.423673,16,239,3
145.423673,32,239,6
145.500590,32,239,7
145.577506,4,240,0
145.577506,8,240,0
145.577506,16,240,0
145.577506,32,240,0
145.652971,32,240,1
145.728435,16,240,1
145.728435,32,240,2
145.803900,32,240,3
145.879365,8,240,1
145.879365,16,240,2
145.879365,32,240,4
145.954830,32,240,5
146.030295,16,240,3
146.030295,32,240,6
146.105760,32,240,7
146.181224,4,241,0
146.181224,8,241,0
146.181224,16,241,0
146.181224,32,241,0
146.258141,32,241,1
146.335057,16,241,1
146.335057,32,241,2
146.411973,32,241,3
146.488889,8,241,1
146.488889,16,241,2
146.488889,32,241,4
146.565805,32,241,5
146.642721,16,241,3
146.642721,32,241,6
146.719637,32,241,7
146.796553,4,242,0
146.796553,8,242,0
146.796553,16,242,0
146.796553,32,242,0
146.870567,32,242,1
146.944580,16,242,1
146.944580,32,242,2
147.018594,32,242,3
147.092608,8,242,1
147.092608,16,242,2
147.092608,32,242,4
147.166621,32,242,5
147.240635,16,242,3
147.240635,32,242,6
147.314649,32,242,7
147.388662,4,243,0
147.388662,8,243,0
147.388662,16,243,0
147.388662,32,243,0
147.465578,32,243,1
147.542494,16,243,1
147.542494,32,243,2
147.619410,32,243,3
147.696327,8,243,1
147.696327,16,243,2
147.696327,32,243,4
147.773243,32,243,5
147.850159,16,243,3
147.850159,32,243,6
147.927075,32,243,7
148.003991,4,244,0
148.003991,8,244,0
148.003991,16,244,0
148.003991,32,244,0
148.079456,32,244,1
148.154921,16,244,1
148.154921,32,244,2
148.230385,32,244,3
148.305850,8,244,1
148.305850,16,244,2
148.305850,32,244,4
148.381315,32,244,5
148.456780,16,244,3
148.456780,32,244,6
148.532245,32,244,7
148.607710,4,245,0
148.607710,8,245,0
148.607710,16,245,0
148.607710,32,245,0
148.684626,32,245,1
148.761542,16,245,1
148.761542,32,245,2
148.838458,32,245,3
148.915374,8,245,1
148.915374,16,245,2
148.915374,32,245,4
148.992290,32,245,5
149.069206,16,245,3
149.069206,32,245,6
149.146122,32,245,7
149.223039,4,246,0
149.223039,8,246,0
149.223039,16,246,0
149.223039,32,246,0
149.297052,32,246,1
149.371066,16,246,1
149.371066,32,246,2
149.445079,32,246,3
149.519093,8,246,1
149.519093,16,246,2
149.519093,32,246,4
149.593107,32,246,5
149.667120,16,246,3
149.667120,32,246,6
149.741134,32,246,7
149.815147,4,247,0
149.815147,8,247,0
149.815147,16,247,0
149.815147,32,247,0
149.892063,32,247,1
149.968980,16,247,1
149.968980,32,247,2
150.045896,32,247,3
150.122812,8,247,1
150.122812,16,247,2
150.122812,32,247,4
150.199728,32,247,5
150.276644,16,247,3
150.276644,32,247,6
150.353560,32,247,7
150.430476,4,248,0
150.430476,8,248,0
150.430476,16,248,0
150.430476,32,248,0
150.504490,32,248,1
150.578503,16,248,1
150.578503,32,248,2
150.652517,32,248,3
150.726531,8,248,1
150.726531,16,248,2
150.726531,32,248,4
150.800544,32,248,5
150.874558,16,248,3
150.874558,32,248,6
150.948571,32,248,7
151.022585,4,249,0
151.022585,8,249,0
151.022585,16,249,0
151.022585,32,249,0
151.099501,32,249,1
151.176417,16,249,1
151.176417,32,249,2
151.253333,32,249,3
151.330249,8,249,1
151.330249,16,249,2
151.330249,32,249,4
151.407166,32,249,5
151.484082,16,249,3
151.484082,32,249,6
151.560998,32,249,7
151.637914,4,250,0
151.637914,8,250,0
151.637914,16,250,0
151.637914,32,250,0
151.713379,32,250,1
151.788844,16,250,1
151.788844,32,250,2
151.864308,32,250,3
151.939773,8,250,1
151.939773,16,250,2
151.939773,32,250,4
152.015238,32,250,5
152.090703,16,250,3
152.090703,32,250,6
152.166168,32,250,7
152.241633,4,251,0
152.241633,8,251,0
152.241633,16,251,0
152.241633,32,251,0
152.318549,32,251,1
152.395465,16,251,1
152.395465,32,251,2
152.472381,32,251,3
152.549297,8,251,1
152.549297,16,251,2
152.549297,32,251,4
152.626213,32,251,5
152.703129,16,251,3
152.703129,32,251,6
152.780045,32,251,7
152.856961,4,252,0
152.856961,8,252,0
152.856961,16,252,0
152.856961,32,252,0
152.930975,32,252,1
153.004989,16,252,1
153.004989,32,252,2
153.079002,32,252,3
153.153016,8,252,1
153.153016,16,252,2
153.153016,32,252,4
153.227029,32,252,5
153.301043,16,252,3
153.301043,32,252,6
153.375057,32,252,7
153.449070,4,253,0
153.449070,8,253,0
153.449070,16,253,0
153.449070,32,253,0
153.525986,32,253,1
153.602902,16,253,1
153.602902,32,253,2
153.679819,32,253,3
153.756735,8,253,1
153.756735,16,253,2
153.756735,32,253,4
153.833651,32,253,5
153.910567,16,253,3
153.910567,32,253,6
153.987483,32,253,7
154.064399,4,254,0
154.064399,8,254,0
154.064399,16,254,0
154.064399,32,254,0
154.138413,32,254,1
154.212426,16,254,1
154.212426,32,254,2
154.286440,32,254,3
154.360454,8,254,1
154.360454,16,254,2
154.360454,32,254,4
154.434467,32,254,5
154.508481,16,254,3
154.508481,32,254,6
154.582494,32,254,7
154.656508,4,255,0
154.656508,8,255,0
154.656508,16,255,0
154.656508,32,255,0
154.733424,32,255,1
154.810340,16,255,1
154.810340,32,255,2
154.887256,32,255,3
154.964172,8,255,1
154.964172,16,255,2
154.964172,32,255,4
155.041088,32,255,5
155.118005,16,255,3
155.118005,32,255,6
155.194921,32,255,7
155.271837,4,256,0
155.271837,8,256,0
155.271837,16,256,0
155.271837,32,256,0
155.347302,32,256,1
155.422766,16,256,1
155.422766,32,256,2
155.498231,32,256,3
155.573696,8,256,1
155.573696,16,256,2
155.573696,32,256,4
155.649161,32,256,5
155.724626,16,256,3
155.724626,32,256,6
155.800091,32,256,7
155.875556,4,257,0
155.875556,8,257,0
155.875556,16,257,0
155.875556,32,257,0
155.951020,32,257,1
156.026485,16,257,1
156.026485,32,257,2
156.101950,32,257,3
156.177415,8,257,1
156.177415,16,257,2
156.177415,32,257,4
156.252880,32,257,5
156.328345,16,257,3
156.328345,32,257,6
156.403810,32,257,7
156.479274,4,258,0
156.479274,8,258,0
156.479274,16,258,0
156.479274,32,258,0
156.554739,32,258,1
156.630204,16,258,1
156.630204,32,258,2
156.705669,32,258,3
156.781134,8,258,1
156.781134,16,258,2
156.781134,32,258,4
156.856599,32,258,5
156.932063,16,258,3
156.932063,32,258,6
157.007528,32,258,7
157.082993,4,259,0
157.082993,8,259,0
157.082993,16,259,0
157.082993,32,259,0
157.159909,32,259,1
157.236825,16,259,1
157.236825,32,259,2
157.313741,32,259,3
157.390658,8,259,1
157.390658,16,259,2
157.390658,32,259,4
157.467574,32,259,5
157.544490,16,259,3
157.544490,32,259,6
157.621406,32,259,7
157.698322,4,260,0
157.698322,8,260,0
157.698322,16,260,0
157.698322,32,260,0
157.773787,32,260,1
157.849252,16,260,1
157.849252,32,260,2
157.924717,32,260,3
158.000181,8,260,1
158.000181,16,260,2
158.000181,32,260,4
158.075646,32,260,5
158.151111,16,260,3
158.151111,32,260,6
158.226576,32,260,7
158.302041,4,261,0
158.302041,8,261,0
158.302041,16,261,0
158.302041,32,261,0
158.377506,32,261,1
158.452971,16,261,1
158.452971,32,261,2
158.528435,32,261,3
158.603900,8,261,1
158.603900,16,261,2
158.603900,32,261,4
158.679365,32,261,5
158.754830,16,261,3
158.754830,32,261,6
158.830295,32,261,7
158.905760,4,262,0
158.905760,8,262,0
158.905760,16,262,0
158.905760,32,262,0
158.981224,32,262,1
159.056689,16,262,1
159.056689,32,262,2
159.132154,32,262,3
159.207619,8,262,1
159.207619,16,262,2
159.207619,32,262,4
159.283084,32,262,5
159.358549,16,262,3
159.358549,32,262,6
159.434014,32,262,7
159.509478,4,263,0
159.509478,8,263,0
159.509478,16,263,0
159.509478,32,263,0
159.584943,32,263,1
159.660408,16,263,1
159.660408,32,263,2
159.735873,32,263,3
159.811338,8,263,1
159.811338,16,263,2
159.811338,32,263,4
159.886803,32,263,5
159.962268,16,263,3
159.962268,32,263,6
160.037732,32,263,7
160.113197,4,264,0
160.113197,8,264,0
160.113197,16,264,0
160.113197,32,264,0
160.188662,32,264,1
160.264127,16,264,1
160.264127,32,264,2
160.339592,32,264,3
160.415057,8,264,1
160.415057,16,264,2
160.415057,32,264,4
160.490522,32,264,5
160.565986,16,264,3
160.565986,32,264,6
160.641451,32,264,7
160.716916,4,265,0
160.716916,8,265,0
160.716916,16,265,0
160.716916,32,265,0
160.793832,32,265,1
160.870748,16,265,1
160.870748,32,265,2
160.947664,32,265,3
161.024580,8,265,1
161.024580,16,265,2
161.024580,32,265,4
161.101497,32,265,5
161.178413,16,265,3
161.178413,32,265,6
161.255329,32,265,7
161.332245,4,266,0
161.332245,8,266,0
161.332245,16,266,0
161.332245,32,266,0
161.406259,32,266,1
161.480272,16,266,1
161.480272,32,266,2
161.554286,32,266,3
161.628299,8,266,1
161.628299,16,266,2
161.628299,32,266,4
161.702313,32,266,5
161.776327,16,266,3
161.776327,32,266,6
161.850340,32,266,7
161.924354,4,267,0
161.924354,8,267,0
161.924354,16,267,0
161.924354,32,267,0
161.999819,32,267,1
162.075283,16,267,1
162.075283,32,267,2
162.150748,32,267,3
162.226213,8,267,1
162.226213,16,267,2
162.226213,32,267,4
162.301678,32,267,5
162.377143,16,267,3
162.377143,32,267,6
162.452608,32,267,7
162.528073,4,268,0
162.528073,8,268,0
162.528073,16,268,0
162.528073,32,268,0
162.603537,32,268,1
162.679002,16,268,1
162.679002,32,268,2
162.754467,32,268,3
162.829932,8,268,1
162.829932,16,268,2
162.829932,32,268,4
162.905397,32,268,5
162.980862,16,268,3
162.980862,32,268,6
163.056327,32,268,7
163.131791,4,269,0
163.131791,8,269,0
163.131791,16,269,0
163.131791,32,269,0
163.205805,32,269,1
163.279819,16,269,1
163.279819,32,269,2
163.353832,32,269,3
163.427846,8,269,1
163.427846,16,269,2
163.427846,32,269,4
163.501859,32,269,5
163.575873,16,269,3
163.575873,32,269,6
163.649887,32,269,7
163.723900,4,270,0
163.723900,8,270,0
163.723900,16,270,0
163.723900,32,270,0
163.797914,32,270,1
163.871927,16,270,1
163.871927,32,270,2
163.945941,32,270,3
164.019955,8,270,1
164.019955,16,270,2
164.019955,32,270,4
164.093968,32,270,5
164.167982,16,270,3
164.167982,32,270,6
164.241995,32,270,7
164.316009,4,271,0
164.316009,8,271,0
164.316009,16,271,0
164.316009,32,271,0
164.391474,32,271,1
164.466939,16,271,1
164.466939,32,271,2
164.542404,32,271,3
164.617868,8,271,1
164.617868,16,271,2
164.617868,32,271,4
164.693333,32,271,5
164.768798,16,271,3
164.768798,32,271,6
164.844263,32,271,7
164.919728,4,272,0
164.919728,8,272,0
164.919728,16,272,0
164.919728,32,272,0
164.995193,32,272,1
165.070658,16,272,1
165.070658,32,272,2
165.146122,32,272,3
165.221587,8,272,1
165.221587,16,272,2
165.221587,32,272,4
165.297052,32,272,5
165.372517,16,272,3
165.372517,32,272,6
165.447982,32,272,7
165.523447,4,273,0
165.523447,8,273,0
165.523447,16,273,0
165.523447,32,273,0
165.597460,32,273,1
165.671474,16,273,1
165.671474,32,273,2
165.745488,32,273,3
165.819501,8,273,1
165.819501,16,273,2
165.819501,32,273,4
165.893515,32,273,5
165.967528,16,273,3
165.967528,32,273,6
166.041542,32,273,7
166.115556,4,274,0
166.115556,8,274,0
166.115556,16,274,0
166.115556,32,274,0
166.193923,32,274,1
166.272290,16,274,1
166.272290,32,274,2
166.350658,32,274,3
166.429025,8,274,1
166.429025,16,274,2
166.429025,32,274,4
166.507392,32,274,5
166.585760,16,274,3
166.585760,32,274,6
166.664127,32,274,7
166.742494,4,275,0
166.742494,8,275,0
166.742494,16,275,0
166.742494,32,275,0
166.819410,32,275,1
166.896327,16,275,1
166.896327,32,275,2
166.973243,32,275,3
167.050159,8,275,1
167.050159,16,275,2
167.050159,32,275,4
167.127075,32,275,5
167.203991,16,275,3
167.203991,32,275,6
167.280907,32,275,7
167.357823,4,276,0
167.357823,8,276,0
167.357823,16,276,0
167.357823,32,276,0
167.436190,32,276,1
167.514558,16,276,1
167.514558,32,276,2
167.592925,32,276,3
167.671293,8,276,1
167.671293,16,276,2
167.671293,32,276,4
167.749660,32,276,5
167.828027,16,276,3
167.828027,32,276,6
167.906395,32,276,7
167.984762,4,277,0
167.984762,8,277,0
167.984762,16,277,0
167.984762,32,277,0
168.060227,32,277,1
168.135692,16,277,1
168.135692,32,277,2
168.211156,32,277,3
168.286621,8,277,1
168.286621,16,277,2
168.286621,32,277,4
168.362086,32,277,5
168.437551,16,277,3
168.437551,32,277,6
168.513016,32,277,7
168.588481,4,278,0
168.588481,8,278,0
168.588481,16,278,0
168.588481,32,278,0
168.665397,32,278,1
168.742313,16,278,1
168.742313,32,278,2
168.819229,32,278,3
168.896145,8,278,1
168.896145,16,278,2
168.896145,32,278,4
168.973061,32,278,5
169.049977,16,278,3
169.049977,32,278,6
169.126893,32,278,7
169.203810,4,279,0
169.203810,8,279,0
169.203810,16,279,0
169.203810,32,279,0
169.279274,32,279,1
169.354739,16,279,1
169.354739,32,279,2
169.430204,32,279,3
169.505669,8,279,1
169.505669,16,279,2
169.505669,32,279,4
169.581134,32,279,5
169.656599,16,279,3
169.656599,32,279,6
169.732063,32,279,7
169.807528,4,280,0
169.807528,8,280,0
169.807528,16,280,0
169.807528,32,280,0
169.881542,32,280,1
169.955556,16,280,1
169.955556,32,280,2
170.029569,32,280,3
170.103583,8,280,1
170.103583,16,280,2
170.103583,32,280,4
170.177596,32,280,5
170.251610,16,280,3
170.251610,32,280,6
170.325624,32,280,7
170.399637,4,281,0
170.399637,8,281,0
170.399637,16,281,0
170.399637,32,281,0
170.475102,32,281,1
170.550567,16,281,1
170.550567,32,281,2
170.626032,32,281,3
170.701497,8,281,1
170.701497,16,281,2
170.701497,32,281,4
170.776961,32,281,5
170.852426,16,281,3
170.852426,32,281,6
170.927891,32,281,7
171.003356,4,282,0
171.003356,8,282,0
171.003356,16,282,0
171.003356,32,282,0
171.081723,32,282,1
171.160091,16,282,1
171.160091,32,282,2
171.238458,32,282,3
171.316825,8,282,1
171.316825,16,282,2
171.316825,32,282,4
171.395193,32,282,5
171.473560,16,282,3
171.473560,32,282,6
171.551927,32,282,7
171.630295,4,283,0
171.630295,8,283,0
171.630295,16,283,0
171.630295,32,283,0
171.707211,32,283,1
171.784127,16,283,1
171.784127,32,283,2
171.861043,32,283,3
171.937959,8,283,1
171.937959,16,283,2
171.937959,32,283,4
172.014875,32,283,5
172.091791,16,283,3
172.091791,32,283,6
172.168707,32,283,7
172.245624,4,284,0
172.245624,8,284,0
172.245624,16,284,0
172.245624,32,284,0
172.325442,32,284,1
172.405261,16,284,1
172.405261,32,284,2
172.485079,32,284,3
172.564898,8,284,1
172.564898,16,284,2
172.564898,32,284,4
172.644717,32,284,5
172.724535,16,284,3
172.724535,32,284,6
172.804354,32,284,7
172.884172,4,285,0
172.884172,8,285,0
172.884172,16,285,0
172.884172,32,285,0
172.961088,32,285,1
173.038005,16,285,1
173.038005,32,285,2
173.114921,32,285,3
173.191837,8,285,1
173.191837,16,285,2
173.191837,32,285,4
173.268753,32,285,5
173.345669,16,285,3
173.345669,32,285,6
173.422585,32,285,7
173.499501,4,286,0
173.499501,8,286,0
173.499501,16,286,0
173.499501,32,286,0
173.577868,32,286,1
173.656236,16,286,1
173.656236,32,286,2
173.734603,32,286,3
173.812971,8,286,1
173.812971,16,286,2
173.812971,32,286,4
173.891338,32,286,5
173.969705,16,286,3
173.969705,32,286,6
174.048073,32,286,7
174.126440,4,287,0
174.126440,8,287,0
174.126440,16,287,0
174.126440,32,287,0
174.200454,32,287,1
174.274467,16,287,1
174.274467,32,287,2
174.348481,32,287,3
174.422494,8,287,1
174.422494,16,287,2
174.422494,32,287,4
174.496508,32,287,5
174.570522,16,287,3
174.570522,32,287,6
174.644535,32,287,7
174.718549,4,288,0
174.718549,8,288,0
174.718549,16,288,0
174.718549,32,288,0
174.794014,32,288,1
174.869478,16,288,1
174.869478,32,288,2
174.944943,32,288,3
175.020408,8,288,1
175.020408,16,288,2
175.020408,32,288,4
175.095873,32,288,5
175.171338,16,288,3
175.171338,32,288,6
175.246803,32,288,7
175.322268,4,289,0
175.322268,8,289,0
175.322268,16,289,0
175.322268,32,289,0
175.397732,32,289,1
175.473197,16,289,1
175.473197,32,289,2
175.548662,32,289,3
175.624127,8,289,1
175.624127,16,289,2
175.624127,32,289,4
175.699592,32,289,5
175.775057,16,289,3
175.775057,32,289,6
175.850522,32,289,7
175.925986,4,290,0
175.925986,8,290,0
175.925986,16,290,0
175.925986,32,290,0
176.001451,32,290,1
176.076916,16,290,1
176.076916,32,290,2
176.152381,32,290,3
176.227846,8,290,1
176.227846,16,290,2
176.227846,32,290,4
176.303311,32,290,5
176.378776,16,290,3
176.378776,32,290,6
176.454240,32,290,7
176.529705,4,291,0
176.529705,8,291,0
176.529705,16,291,0
176.529705,32,291,0
176.605170,32,291,1
176.680635,16,291,1
176.680635,32,291,2
176.756100,32,291,3
176.831565,8,291,1
176.831565,16,291,2
176.831565,32,291,4
176.907029,32,291,5
176.982494,16,291,3
176.982494,32,291,6
177.057959,32,291,7
177.133424,4,292,0
177.133424,8,292,0
177.133424,16,292,0
177.133424,32,292,0
177.208889,32,292,1
177.284354,16,292,1
177.284354,32,292,2
177.359819,32,292,3
177.435283,8,292,1
177.435283,16,292,2
177.435283,32,292,4
177.510748,32,292,5
177.586213,16,292,3
177.586213,32,292,6
177.661678,32,292,7
177.737143,4,293,0
177.737143,8,293,0
177.737143,16,293,0
177.737143,32,293,0
177.812608,32,293,1
177.888073,16,293,1
177.888073,32,293,2
177.963537,32,293,3
178.039002,8,293,1
178.039002,16,293,2
178.039002,32,293,4
178.114467,32,293,5
178.189932,16,293,3
178.189932,32,293,6
178.265397,32,293,7
178.340862,4,294,0
178.340862,8,294,0
178.340862,16,294,0
178.340862,32,294,0
178.416327,32,294,1
178.491791,16,294,1
178.491791,32,294,2
178.567256,32,294,3
178.642721,8,294,1
178.642721,16,294,2
178.642721,32,294,4
178.718186,32,294,5
178.793651,16,294,3
178.793651,32,294,6
178.869116,32,294,7
178.944580,4,295,0
178.944580,8,295,0
178.944580,16,295,0
178.944580,32,295,0
179.020045,32,295,1
179.095510,16,295,1
179.095510,32,295,2
179.170975,32,295,3
179.246440,8,295,1
179.246440,16,295,2
179.246440,32,295,4
179.321905,32,295,5
179.397370,16,295,3
179.397370,32,295,6
179.472834,32,295,7
179.548299,4,296,0
179.548299,8,296,0
179.548299,16,296,0
179.548299,32,296,0
179.622313,32,296,1
179.696327,16,296,1
179.696327,32,296,2
179.770340,32,296,3
179.844354,8,296,1
179.844354,16,296,2
179.844354,32,296,4
179.918367,32,296,5
179.992381,16,296,3
179.992381,32,296,6
180.066395,32,296,7
180.140408,4,297,0
180.140408,8,297,0
180.140408,16,297,0
180.140408,32,297,0
180.214422,32,297,1
180.288435,16,297,1
180.288435,32,297,2
180.362449,32,297,3
180.436463,8,297,1
180.436463,16,297,2
180.436463,32,297,4
180.510476,32,297,5
180.584490,16,297,3
180.584490,32,297,6
180.658503,32,297,7
180.732517,4,298,0
180.732517,8,298,0
180.732517,16,298,0
180.732517,32,298,0
180.806531,32,298,1
180.880544,16,298,1
180.880544,32,298,2
180.954558,32,298,3
181.028571,8,298,1
181.028571,16,298,2
181.028571,32,298,4
181.102585,32,298,5
181.176599,16,298,3
181.176599,32,298,6
181.250612,32,298,7
181.324626,4,299,0
181.324626,8,299,0
181.324626,16,299,0
181.324626,32,299,0
181.398639,32,299,1
181.472653,16,299,1
181.472653,32,299,2
181.546667,32,299,3
181.620680,8,299,1
181.620680,16,299,2
181.620680,32,299,4
181.694694,32,299,5
181.768707,16,299,3
181.768707,32,299,6
181.842721,32,299,7
181.916735,4,300,0
181.916735,8,300,0
181.916735,16,300,0
181.916735,32,300,0
181.989297,32,300,1
182.061859,16,300,1
182.061859,32,300,2
182.134422,32,300,3
182.206984,8,300,1
182.206984,16,300,2
182.206984,32,300,4
182.279546,32,300,5
182.352109,16,300,3
182.352109,32,300,6
182.424671,32,300,7
182.497234,4,301,0
182.497234,8,301,0
182.497234,16,301,0
182.497234,32,301,0
182.574150,32,301,1
182.651066,16,301,1
182.651066,32,301,2
182.727982,32,301,3
182.804898,8,301,1
182.804898,16,301,2
182.804898,32,301,4
182.881814,32,301,5
182.958730,16,301,3
182.958730,32,301,6
183.035646,32,301,7
183.112562,4,302,0
183.112562,8,302,0
183.112562,16,302,0
183.112562,32,302,0
183.188027,32,302,1
183.263492,16,302,1
183.263492,32,302,2
183.338957,32,302,3
183.414422,8,302,1
183.414422,16,302,2
183.414422,32,302,4
183.489887,32,302,5
183.565351,16,302,3
183.565351,32,302,6
183.640816,32,302,7
183.716281,4,303,0
183.716281,8,303,0
183.716281,16,303,0
183.716281,32,303,0
183.790295,32,303,1
183.864308,16,303,1
183.864308,32,303,2
183.938322,32,303,3
184.012336,8,303,1
184.012336,16,303,2
184.012336,32,303,4
184.086349,32,303,5
184.160363,16,303,3
184.160363,32,303,6
184.234376,32,303,7
184.308390,4,304,0
184.308390,8,304,0
184.308390,16,304,0
184.308390,32,304,0
184.382404,32,304,1
184.456417,16,304,1
184.456417,32,304,2
184.530431,32,304,3
184.604444,8,304,1
184.604444,16,304,2
184.604444,32,304,4
184.678458,32,304,5
184.752472,16,304,3
184.752472,32,304,6
184.826485,32,304,7
184.900499,4,305,0
184.900499,8,305,0
184.900499,16,305,0
184.900499,32,305,0
184.974512,32,305,1
185.048526,16,305,1
185.048526,32,305,2
185.122540,32,305,3
185.196553,8,305,1
185.196553,16,305,2
185.196553,32,305,4
185.270567,32,305,5
185.344580,16,305,3
185.344580,32,305,6
185.418594,32,305,7
185.492608,4,306,0
185.492608,8,306,0
185.492608,16,306,0
185.492608,32,306,0
185.568073,32,306,1
185.643537,16,306,1
185.643537,32,306,2
185.719002,32,306,3
185.794467,8,306,1
185.794467,16,306,2
185.794467,32,306,4
185.869932,32,306,5
185.945397,16,306,3
185.945397,32,306,6
186.020862,32,306,7
186.096327,4,307,0
186.096327,8,307,0
186.096327,16,307,0
186.096327,32,307,0
186.167438,32,307,1
186.238549,16,307,1
186.238549,32,307,2
186.309660,32,307,3
186.380771,8,307,1
186.380771,16,307,2
186.380771,32,307,4
186.451882,32,307,5
186.522993,16,307,3
186.522993,32,307,6
186.594104,32,307,7
186.665215,4,308,0
186.665215,8,308,0
186.665215,16,308,0
186.665215,32,308,0
186.737778,32,308,1
186.810340,16,308,1
186.810340,32,308,2
186.882902,32,308,3
186.955465,8,308,1
186.955465,16,308,2
186.955465,32,308,4
187.028027,32,308,5
187.100590,16,308,3
187.100590,32,308,6
187.173152,32,308,7
187.245714,4,309,0
187.245714,8,309,0
187.245714,16,309,0
187.245714,32,309,0
