time,peak
0.043882,0.000168
0.131646,0.641659
0.219409,0.010724
0.307173,0.009212
0.394937,0.010862
0.482700,0.009869
0.570464,0.009624
0.658228,0.008417
0.745991,0.006477
0.833755,0.089933
0.921519,0.052017
1.009282,0.049221
1.097046,0.040055
1.184810,0.617629
1.272573,0.037825
1.360337,0.030018
1.448101,0.020287
1.535864,0.018576
1.623628,0.015872
1.711392,0.014345
1.799155,0.011412
1.886919,0.010037
1.974683,0.008662
2.062446,0.006722
2.150210,0.005805
2.237974,0.718225
2.325737,0.009090
2.413501,0.011962
2.501265,0.009914
2.589028,0.009716
2.676792,0.008876
2.764556,0.005377
2.852319,0.092270
2.940083,0.056676
3.027847,0.050046
3.115610,0.041858
3.203374,0.036572
3.291138,0.703391
3.378901,0.030736
3.466665,0.025940
3.554429,0.024748
3.642192,0.020211
3.729956,0.017232
3.817720,0.185839
3.905483,0.011014
3.993247,0.010113
4.081011,0.010189
4.168774,0.009533
4.256538,0.019722
4.344302,0.628766
4.432065,0.196257
4.519829,0.011625
4.607593,0.010724
4.695356,0.010220
4.783120,0.008555
4.870884,0.005881
4.958647,0.092958
5.046411,0.213550
5.134175,0.048549
5.221938,0.040926
5.309702,0.652643
5.397466,0.035930
5.485229,0.024947
5.572993,0.022441
5.660757,0.020944
5.748521,0.186297
5.836284,0.014406
5.924048,0.011748
6.011812,0.010021
6.099575,0.008433
6.187339,0.007180
6.275103,0.006462
6.362866,0.647510
6.450630,0.009212
6.538394,0.011946
6.626157,0.010755
6.713921,0.010464
6.801685,0.009059
6.889448,0.006233
6.977212,0.226413
7.064976,0.076505
7.152739,0.049374
7.240503,0.046196
7.328267,0.038191
7.416030,0.578934
7.503794,0.029255
7.591558,0.028231
7.679321,0.196884
7.767085,0.020837
7.854849,0.017919
7.942612,0.014161
8.030376,0.012695
8.118140,0.009960
8.205903,0.586190
8.293667,0.230247
8.381431,0.005805
8.469194,0.531958
8.556958,0.011167
8.644722,0.563749
8.732485,0.014314
8.820249,0.006767
8.908013,0.218210
8.995776,0.170379
9.083540,0.095386
9.171304,0.055362
9.259067,0.051772
9.346831,0.041094
9.434595,0.594852
9.522358,0.038145
9.610122,0.203926
9.697886,0.481317
9.785649,0.018530
9.873413,0.018439
9.961177,0.013336
10.048940,0.014207
10.136704,0.012405
10.224468,0.566132
10.312231,0.007531
10.399995,0.006141
10.487759,0.525466
10.575522,0.019646
10.663286,0.021143
10.751050,0.554216
10.838813,0.011198
10.926577,0.204598
11.014341,0.009869
11.102104,0.092530
11.189868,0.059212
11.277632,0.054675
11.365396,0.048213
11.453159,0.041659
11.540923,0.616957
11.628687,0.054583
11.716450,0.067476
11.804214,0.505225
11.891978,0.039398
11.979741,0.042270
12.067505,0.037473
12.155269,0.172075
12.243032,0.017064
12.330796,0.452612
12.418560,0.010785
12.506323,0.010205
12.594087,0.588176
12.681851,0.008815
12.769614,0.010357
12.857378,0.582829
12.945142,0.004751
13.032905,0.005775
13.120669,0.005041
13.208433,0.090574
13.296196,0.057012
13.383960,0.049649
13.471724,0.257791
13.559487,0.684143
13.647251,0.152169
13.735015,0.027131
13.822778,0.558784
13.910542,0.020089
13.998306,0.017232
14.086069,0.183624
14.173833,0.067705
14.261597,0.010694
14.349360,0.531775
14.437124,0.010419
14.524888,0.007272
14.612651,0.622594
14.700415,0.023495
14.788179,0.188604
14.875942,0.568515
14.963706,0.006523
15.051470,0.006538
15.139233,0.007577
15.226997,0.006599
15.314761,0.093248
15.402524,0.237366
15.490288,0.047418
15.578052,0.039154
15.665815,0.635304
15.753579,0.036450
15.841343,0.031256
15.929106,0.507363
16.016870,0.233929
16.104634,0.167156
16.192397,0.973602
16.280161,0.628613
16.367925,0.221586
16.455688,0.535808
16.543452,0.110694
16.631216,0.092010
16.718979,0.590574
16.806743,0.068637
16.894507,0.057409
16.982271,0.547311
17.070034,0.042133
17.157798,0.032478
17.245562,0.028888
17.333325,0.225053
17.421089,0.071402
17.508853,0.958417
17.596616,0.372334
17.684380,0.098213
17.772144,0.652475
17.859907,0.032676
17.947671,0.028628
18.035435,0.521632
18.123198,0.018439
18.210962,0.464360
18.298726,0.935686
18.386489,0.261091
18.474253,0.501833
18.562017,0.038191
18.649780,0.211855
18.737544,0.625069
18.825308,0.028949
18.913071,0.010846
19.000835,0.432463
19.088599,0.006767
19.176362,0.004980
19.264126,0.210021
19.351890,0.007959
19.439653,0.089322
19.527417,0.871036
19.615181,0.955041
19.702944,0.182982
19.790708,0.631699
19.878472,0.037412
19.966235,0.215475
20.053999,0.547311
20.141763,0.018087
20.229526,0.015246
20.317290,0.999878
20.405054,0.997510
20.492817,0.283013
20.580581,0.570990
20.668345,0.114299
20.756108,0.094027
20.843872,0.606233
20.931636,0.069233
21.019399,0.060144
21.107163,0.458372
21.194927,0.212007
21.282690,0.070073
21.370454,0.029698
21.458218,0.093935
21.545981,0.078170
21.633745,0.953178
21.721509,0.542560
21.809272,0.118042
21.897036,0.656538
21.984800,0.040987
22.072563,0.029728
22.160327,0.539215
22.248091,0.020073
22.335854,0.022548
22.423618,0.999924
22.511382,0.424427
22.599146,0.192071
22.686909,0.451299
22.774673,0.102994
22.862437,0.477696
22.950200,0.649756
23.037964,0.057623
23.125728,0.544623
23.213491,0.154079
23.301255,0.035060
23.389019,0.030141
23.476782,0.025176
23.564546,0.078200
23.652310,0.610846
23.740073,0.967736
23.827837,0.289047
23.915601,0.634830
24.003364,0.054384
24.091128,0.029850
24.178892,0.582432
24.266655,0.019371
24.354419,0.016422
24.442183,0.981225
24.529946,0.999954
24.617710,0.314986
24.705474,0.606523
24.793237,0.116422
24.881001,0.099511
24.968765,0.693294
25.056528,0.069080
25.144292,0.261274
25.232056,0.500458
25.319819,0.041017
25.407583,0.037962
25.495347,0.032325
25.583110,0.077528
25.670874,0.079499
25.758638,0.968866
25.846401,0.762756
25.934165,0.154720
26.021929,0.532065
26.109692,0.037336
26.197456,0.031286
26.285220,0.434143
26.372983,0.230981
26.460747,0.017797
26.548511,0.934357
26.636274,0.446868
26.724038,0.082554
26.811802,0.497403
26.899565,0.010388
26.987329,0.007547
27.075093,0.567660
27.162856,0.020455
27.250620,0.009792
27.338384,0.513947
27.426147,0.007027
27.513911,0.008020
27.601675,0.006248
27.689438,0.227391
27.777202,0.437198
27.864966,0.963718
27.952729,0.296945
28.040493,0.071708
28.128257,0.639887
28.216021,0.028521
28.303784,0.429148
28.391548,0.054262
28.479312,0.017446
28.567075,0.711488
28.654839,0.999236
28.742603,0.333731
28.830366,0.481317
28.918130,0.118790
29.005894,0.228766
29.093657,0.574183
29.181421,0.073098
29.269185,0.060052
29.356948,0.519951
29.444712,0.045585
29.532476,0.038237
29.620239,0.171693
29.708003,0.026199
29.795767,0.098121
29.883530,0.865154
29.971294,0.959196
30.059058,0.174381
30.146821,0.644027
30.234585,0.172991
30.322349,0.213061
30.410112,0.448457
30.497876,0.020379
30.585640,0.019676
30.673403,0.999694
30.761167,0.569844
30.848931,0.234708
30.936694,0.572456
31.024458,0.098946
31.112222,0.085380
31.199985,0.546945
31.287749,0.063825
31.375513,0.051986
31.463276,0.504354
31.551040,0.193110
31.638804,0.032172
31.726567,0.025634
31.814331,0.100336
31.902095,0.070043
31.989858,0.060617
32.077622,0.054782
32.165386,0.044119
32.253149,0.535793
32.340913,0.035976
32.428677,0.426031
32.516440,0.158860
32.604204,0.020639
32.691968,0.230354
32.779731,0.279071
32.867495,0.321280
32.955259,0.537489
33.043022,0.117507
33.130786,0.102322
33.218550,0.686037
33.306313,0.083608
33.394077,0.061518
33.481841,0.479957
33.569604,0.044195
33.657368,0.037901
33.745132,0.029621
33.832896,0.025649
33.920659,0.086175
34.008423,0.878598
34.096187,0.960877
34.183950,0.231408
34.271714,0.683303
34.359478,0.047052
34.447241,0.036159
34.535005,0.588100
34.622769,0.023465
34.710532,0.021082
34.798296,0.934937
34.886060,0.713504
34.973823,0.135121
35.061587,0.503483
35.149351,0.010205
35.237114,0.007684
35.324878,0.520684
35.412642,0.205820
35.500405,0.086877
35.588169,0.577482
35.675933,0.005118
35.763696,0.005759
35.851460,0.005622
35.939224,0.087840
36.026987,0.059212
36.114751,0.952826
36.202515,0.472609
36.290278,0.109914
36.378042,0.655576
36.465806,0.027757
36.553569,0.026871
36.641333,0.458631
36.729097,0.237519
36.816860,0.015292
36.904624,0.988038
36.992388,0.490651
37.080151,0.183929
37.167915,0.586190
37.255679,0.100642
37.343442,0.673343
37.431206,0.346593
37.518970,0.064604
37.606733,0.469737
37.694497,0.051299
37.782261,0.034189
37.870024,0.032646
37.957788,0.029209
38.045552,0.232356
38.133315,0.606997
38.221079,0.950596
38.308843,0.238695
38.396606,0.633318
38.484370,0.037061
38.572134,0.029560
38.659897,0.546685
38.747661,0.022227
38.835425,0.018912
38.923188,0.975817
39.010952,1.000000
39.098716,0.319401
39.186479,0.579682
39.274243,0.108005
39.362007,0.218225
39.449771,0.633165
39.537534,0.065567
39.625298,0.054415
39.713062,0.587733
39.800825,0.036526
39.888589,0.030721
39.976353,0.232447
40.064116,0.107470
40.151880,0.070043
40.239644,0.951283
40.327407,0.550733
40.415171,0.116697
40.502935,0.462802
40.590698,0.213138
40.678462,0.087137
40.766226,0.540941
40.853989,0.020593
40.941753,0.016896
41.029517,0.998793
41.117280,0.654782
41.205044,0.197311
41.292808,0.527345
41.380571,0.102261
41.468335,0.090024
41.556099,0.601910
41.643862,0.061442
41.731626,0.053758
41.819390,0.453834
41.907153,0.221861
41.994917,0.032111
42.082681,0.026902
42.170444,0.078766
42.258208,0.426566
42.345972,0.962236
42.433735,0.303559
42.521499,0.578888
42.609263,0.120089
42.697026,0.031607
42.784790,0.553269
42.872554,0.023373
42.960317,0.021173
43.048081,0.820486
43.135845,0.938344
43.223608,0.301803
43.311372,0.527574
43.399136,0.011518
43.486899,0.008662
43.574663,0.601558
43.662427,0.026046
43.750190,0.009135
43.837954,0.503300
43.925718,0.004369
44.013481,0.004797
44.101245,0.004950
44.189009,0.003559
44.276772,0.089154
44.364536,0.954140
44.452300,0.744210
44.540063,0.288375
44.627827,0.671463
44.715591,0.032936
44.803354,0.025542
44.891118,0.485472
44.978882,0.018561
45.066646,0.015689
45.154409,0.995570
45.242173,0.707180
45.329937,0.217996
45.417700,0.615628
45.505464,0.104186
45.593228,0.087519
45.680991,0.661839
45.768755,0.212634
45.856519,0.054232
45.944282,0.558998
46.032046,0.039643
46.119810,0.032906
46.207573,0.029499
46.295337,0.111167
46.383101,0.074901
46.470864,0.962236
46.558628,0.343996
46.646392,0.079866
46.734155,0.598885
46.821919,0.032249
46.909683,0.459578
46.997446,0.027666
47.085210,0.211075
47.172974,0.536465
47.260737,0.997036
47.348501,0.422395
47.436265,0.605790
47.524028,0.113825
47.611792,0.093339
47.699556,0.596166
47.787319,0.076291
47.875083,0.057027
47.962847,0.487641
48.050610,0.040636
48.138374,0.913917
48.226138,0.831210
48.313901,0.946761
48.401665,0.555866
48.489429,0.089505
48.577192,0.063795
48.664956,0.050183
48.752720,0.687870
48.840483,0.037626
48.928247,0.029728
49.016011,0.550015
49.103774,0.018744
49.191538,0.637458
49.279302,0.277131
49.367065,0.237229
49.454829,0.310312
49.542593,0.619691
49.630356,0.295402
49.718120,0.203116
49.805884,0.682142
49.893647,0.578811
49.981411,0.233990
50.069175,0.764864
50.156938,0.155698
50.244702,0.136205
50.332466,0.244164
50.420229,0.118378
50.507993,0.122502
50.595757,0.982600
50.683521,0.476214
50.771284,0.108952
50.859048,0.689673
50.946812,0.211396
51.034575,0.041262
51.122339,0.494271
51.210103,0.033242
51.297866,0.026184
51.385630,0.994898
51.473394,0.748060
51.561157,0.554247
51.648921,0.322090
51.736685,0.201696
51.824448,0.696914
51.912212,0.421754
51.999976,0.197525
52.087739,0.477956
52.175503,0.131149
52.263267,0.430446
52.351030,0.187000
52.438794,0.155087
52.526558,0.196899
52.614321,0.783868
52.702085,0.997143
52.789849,0.347449
52.877612,0.531928
52.965376,0.120700
53.053140,0.224290
53.140903,0.631882
53.228667,0.151436
53.316431,0.248503
53.404194,0.993187
53.491958,0.978139
53.579722,0.588207
53.667485,0.728338
53.755249,0.336007
53.843013,0.291292
53.930776,0.630370
54.018540,0.204293
54.106304,0.162848
54.194067,0.471601
54.281831,0.128246
54.369595,0.110312
54.457358,0.124320
54.545122,0.153437
54.632886,0.102765
54.720649,0.947877
54.808413,0.547938
54.896177,0.146196
54.983940,0.640666
55.071704,0.063489
55.159468,0.076276
55.247231,0.524656
55.334995,0.053529
55.422759,0.054537
55.510522,0.997113
55.598286,0.613871
55.686050,0.382783
55.773813,0.393064
55.861577,0.291048
55.949341,0.244577
56.037104,0.659991
56.124868,0.272059
56.212632,0.561045
56.300396,0.436465
56.388159,0.972151
56.475923,0.891690
56.563687,0.988191
56.651450,0.652872
56.739214,0.172716
56.826978,0.989704
56.914741,0.286984
57.002505,0.667171
57.090269,0.156187
57.178032,0.114742
57.265796,0.561396
57.353560,0.176245
57.441323,0.658570
57.529087,0.967324
57.616851,0.994226
57.704614,0.392453
57.792378,0.376016
57.880142,0.170516
57.967905,0.154430
58.055669,0.664238
58.143433,0.103957
58.231196,0.105225
58.318960,0.592759
58.406724,0.089138
58.494487,0.061610
58.582251,0.055744
58.670015,0.105591
58.757778,0.256004
58.845542,0.950718
58.933306,0.748472
59.021069,0.158998
59.108833,0.632004
59.196597,0.049710
59.284360,0.079468
59.372124,0.512802
59.459888,0.029774
59.547651,0.027864
59.635415,0.996242
59.723179,0.914482
59.810942,0.377467
59.898706,0.607211
59.986470,0.332676
60.074233,0.175222
60.161997,0.712328
60.249761,0.250260
60.337524,0.204048
60.425288,0.436832
60.513052,0.280645
60.600815,0.237473
60.688579,0.257791
60.776343,0.186129
60.864106,0.158692
60.951870,0.991048
61.039634,0.526230
61.127397,0.598197
61.215161,0.460281
61.302925,0.345402
61.390688,0.446486
61.478452,0.175008
61.566216,0.244500
61.653979,0.599924
61.741743,0.985228
61.829507,0.418790
61.917271,0.606218
62.005034,0.332783
62.092798,0.298381
62.180562,0.656095
62.268325,0.234387
62.356089,0.185335
62.443853,0.407592
62.531616,0.163947
62.619380,0.226566
62.707144,0.114727
62.794907,0.126367
62.882671,0.103575
62.970435,0.964757
63.058198,0.905683
63.145962,0.175802
63.233726,0.562924
63.321489,0.077819
63.409253,0.097739
63.497017,0.482264
63.584780,0.083318
63.672544,0.051665
63.760308,0.999496
63.848071,0.645952
63.935835,0.469921
64.023599,0.649878
64.111362,0.233471
64.199126,0.204430
64.286890,0.653926
64.374653,0.155545
64.462417,0.118042
64.550181,0.475481
64.637944,0.526077
64.725708,0.927589
64.813472,0.980843
64.901235,0.650840
64.988999,0.167553
65.076763,0.944668
65.164526,0.455561
65.252290,0.203514
65.340054,0.657730
65.427817,0.135503
65.515581,0.123052
65.603345,0.571127
65.691108,0.540040
65.778872,0.193996
65.866636,0.986114
65.954399,0.426245
66.042163,0.505866
66.129927,0.245509
66.217690,0.200978
66.305454,0.625313
66.393218,0.306004
66.480981,0.312832
66.568745,0.520302
66.656509,0.171540
66.744272,0.154598
66.832036,0.132081
66.919800,0.118026
67.007563,0.173969
67.095327,0.867446
67.183091,0.973113
67.270854,0.221219
67.358618,0.540177
67.446382,0.061427
67.534146,0.054965
67.621909,0.403346
67.709673,0.042224
67.797437,0.209410
67.885200,0.999847
67.972964,0.986496
68.060728,0.466376
68.148491,0.646074
68.236255,0.195035
68.324019,0.180186
68.411782,0.664910
68.499546,0.215170
68.587310,0.196135
68.675073,0.609044
68.762837,0.226535
68.850601,0.224473
68.938364,0.205836
69.026128,0.290559
69.113892,0.181836
69.201655,0.993431
69.289419,0.609853
69.377183,0.236877
69.464946,0.665368
69.552710,0.147097
69.640474,0.103605
69.728237,0.363703
69.816001,0.164604
69.903765,0.146777
69.991528,0.999343
70.079292,0.540330
70.167056,0.375940
70.254819,0.578980
70.342583,0.344638
70.430347,0.239963
70.518110,0.602689
70.605874,0.196257
70.693638,0.574534
70.781401,0.127742
70.869165,0.111839
70.956929,0.195066
71.044692,0.285212
71.132456,0.149954
71.220220,0.568653
71.307983,0.949603
71.395747,0.245203
71.483511,0.605591
71.571274,0.055148
71.659038,0.223342
71.746802,0.594699
71.834565,0.049007
71.922329,0.053284
72.010093,0.993416
72.097856,0.999465
72.185620,0.395493
72.273384,0.428659
72.361147,0.245830
72.448911,0.304552
72.536675,0.636434
72.624438,0.197189
72.712202,0.177177
72.799966,0.541567
72.887729,0.124137
72.975493,0.944806
73.063257,0.980660
73.151021,0.793034
73.238784,0.662298
73.326548,0.979071
73.414312,0.574504
73.502075,0.222869
73.589839,0.697220
73.677603,0.144348
73.765366,0.080721
73.853130,0.417201
73.940894,0.625542
74.028657,0.118576
74.116421,0.999710
74.204185,0.660144
74.291948,0.228292
74.379712,0.453514
74.467476,0.134311
74.555239,0.116728
74.643003,0.631424
74.730767,0.098854
74.818530,0.065903
74.906294,0.458876
74.994058,0.056844
75.081821,0.051772
75.169585,0.087259
75.257349,0.096059
75.345112,0.459960
75.432876,0.958738
75.520640,0.323251
75.608403,0.590559
75.696167,0.101635
75.783931,0.073144
75.871694,0.556905
75.959458,0.031943
76.047222,0.025787
76.134985,0.923022
76.222749,0.994226
76.310513,0.591965
76.398276,0.647709
76.486040,0.210235
76.573804,0.186648
76.661567,0.651390
76.749331,0.269065
76.837095,0.287458
76.924858,0.430507
77.012622,0.183593
77.100386,0.240926
77.188149,0.180034
77.275913,0.160739
77.363677,0.205515
77.451440,0.993950
77.539204,0.872166
77.626968,0.229148
77.714731,0.645723
77.802495,0.205332
77.890259,0.318836
77.978022,0.456752
78.065786,0.396716
78.153550,0.304782
78.241313,0.995585
78.329077,0.960419
78.416841,0.508708
78.504604,0.514604
78.592368,0.270990
78.680132,0.279698
78.767896,0.602872
78.855659,0.200260
78.943423,0.198595
79.031187,0.495478
79.118950,0.134265
79.206714,0.123159
79.294478,0.116743
79.382241,0.243278
79.470005,0.123174
79.557769,0.964833
79.645532,0.410938
79.733296,0.117980
79.821060,0.601726
79.908823,0.070990
79.996587,0.067751
80.084351,0.563504
80.172114,0.053590
80.259878,0.386205
80.347642,0.999496
80.435405,0.489780
80.523169,0.571601
80.610933,0.283853
80.698696,0.361732
80.786460,0.596059
80.874224,0.238818
80.961987,0.237840
81.049751,0.451192
81.137515,0.144241
81.225278,0.938390
81.313042,0.908815
81.400806,0.994714
81.488569,0.582157
81.576333,0.914696
81.664097,0.988451
81.751860,0.232157
81.839624,0.657211
81.927388,0.111488
82.015151,0.256508
82.102915,0.521968
82.190679,0.166040
82.278442,0.629209
82.366206,0.941140
82.453970,0.902398
82.541733,0.439230
82.629497,0.661519
82.717261,0.246043
82.805024,0.211350
82.892788,0.652857
82.980552,0.275573
83.068315,0.240697
83.156079,0.668515
83.243843,0.264895
83.331606,0.173251
83.419370,0.127192
83.507134,0.157379
83.594897,0.127971
83.682661,0.938252
83.770425,0.485411
83.858188,0.142209
83.945952,0.586816
84.033716,0.089826
84.121479,0.061534
84.209243,0.507730
84.297007,0.040116
84.384771,0.033440
84.472534,0.998228
84.560298,0.690024
84.648062,0.356126
84.735825,0.694653
84.823589,0.201833
84.911353,0.145677
84.999116,0.627162
85.086880,0.186939
85.174644,0.577253
85.262407,0.227605
85.350171,0.188680
85.437935,0.159517
85.525698,0.132111
85.613462,0.206248
85.701226,0.681760
85.788989,0.986312
85.876753,0.338176
85.964517,0.698289
86.052280,0.100351
86.140044,0.207822
86.227808,0.488482
86.315571,0.165551
86.403335,0.152628
86.491099,0.985625
86.578862,0.966483
86.666626,0.368485
86.754390,0.466132
86.842153,0.297113
86.929917,0.262710
87.017681,0.612313
87.105444,0.159838
87.193208,0.227650
87.280972,0.651803
87.368735,0.119768
87.456499,0.085304
87.544263,0.101696
87.632026,0.118866
87.719790,0.123220
87.807554,0.960739
87.895317,0.546059
87.983081,0.127223
88.070845,0.593614
88.158608,0.090666
88.246372,0.057485
88.334136,0.460357
88.421899,0.199251
88.509663,0.038069
88.597427,0.981088
88.685190,0.604125
88.772954,0.413902
88.860718,0.613932
88.948481,0.252719
89.036245,0.251176
89.124009,0.538680
89.211772,0.156294
89.299536,0.131668
89.387300,0.675053
89.475063,0.882585
89.562827,0.979972
89.650591,0.977498
89.738354,0.706019
89.826118,0.443324
89.913882,0.952903
90.001646,0.325802
90.089409,0.706813
90.177173,0.420241
90.264937,0.121005
90.352700,0.492117
90.440464,0.147281
90.528228,0.560694
90.615991,0.543737
90.703755,0.970852
90.791519,0.399481
90.879282,0.495173
90.967046,0.161778
91.054810,0.277712
91.142573,0.595768
91.230337,0.110082
91.318101,0.121830
91.405864,0.499129
91.493628,0.068103
91.581392,0.056034
91.669155,0.218943
91.756919,0.054170
91.844683,0.123144
91.932446,0.956309
92.020210,0.903957
92.107974,0.155805
92.195737,0.598976
92.283501,0.183990
92.371265,0.186358
92.459028,0.535396
92.546792,0.038558
92.634556,0.025894
92.722319,0.997327
92.810083,0.933776
92.897847,0.431974
92.985610,0.474610
93.073374,0.214390
93.161138,0.174504
93.248901,0.700321
93.336665,0.251100
93.424429,0.207562
93.512192,0.466774
93.599956,0.301558
93.687720,0.207806
93.775483,0.172624
93.863247,0.152154
93.951011,0.151543
94.038774,0.996211
94.126538,0.551925
94.214302,0.237870
94.302065,0.720715
94.389829,0.255897
94.477593,0.501833
94.565356,0.308433
94.653120,0.260174
94.740884,0.425283
94.828647,0.997327
94.916411,0.516590
95.004175,0.548870
95.091938,0.401161
95.179702,0.279820
95.267466,0.779499
95.355229,0.235885
95.442993,0.173556
95.530757,0.421173
95.618521,0.118301
95.706284,0.128964
95.794048,0.106004
95.881812,0.096502
95.969575,0.149969
96.057339,0.886205
96.145103,0.959151
96.232866,0.318347
96.320630,0.525298
96.408394,0.082142
96.496157,0.094180
96.583921,0.477620
96.671685,0.061442
96.759448,0.069141
96.847212,0.997052
96.934976,0.894195
97.022739,0.400580
97.110503,0.482875
97.198267,0.252123
97.286030,0.241506
97.373794,0.719248
97.461558,0.268179
97.549321,0.183914
97.637085,0.480385
97.724849,0.454614
97.812612,0.929514
97.900376,0.986266
97.988140,0.655606
98.075903,0.234418
98.163667,0.979606
98.251431,0.531118
98.339194,0.220745
98.426958,0.578399
98.514722,0.122288
98.602485,0.105943
98.690249,0.522456
98.778013,0.792896
98.865776,0.109960
98.953540,0.963886
99.041304,0.461228
99.129067,0.306920
99.216831,0.744623
99.304595,0.209945
99.392358,0.702628
99.480122,0.466881
99.567886,0.248701
99.655649,0.444867
99.743413,0.193217
99.831177,0.152628
99.918940,0.135487
100.006704,0.125145
100.094468,0.193798
100.182231,0.621738
100.269995,0.958662
100.357759,0.282829
100.445522,0.647754
100.533286,0.079041
100.621050,0.105133
100.708813,0.443523
100.796577,0.053712
100.884341,0.041644
100.972104,0.994638
101.059868,0.993492
101.147632,0.518622
101.235396,0.699481
101.323159,0.191949
101.410923,0.323587
101.498687,0.854598
101.586450,0.225894
101.674214,0.193920
101.761978,0.422166
101.849741,0.217705
101.937505,0.215246
102.025269,0.222456
102.113032,0.171265
102.200796,0.153178
102.288560,0.983257
102.376323,0.648595
102.464087,0.173740
102.551851,0.629178
102.639614,0.412084
102.727378,0.284265
102.815142,0.510648
102.902905,0.149557
102.990669,0.135457
103.078433,0.982371
103.166196,0.662313
103.253960,0.326673
103.341724,0.546471
103.429487,0.253009
103.517251,0.204094
103.605015,0.644577
103.692778,0.183608
103.780542,0.141995
103.868306,0.513871
103.956069,0.272518
104.043833,0.091567
104.131597,0.082233
104.219360,0.160342
104.307124,0.409151
104.394888,0.945845
104.482651,0.311732
104.570415,0.620058
104.658179,0.124198
104.745942,0.061091
104.833706,0.376856
104.921470,0.049129
105.009233,0.054323
105.096997,0.622166
105.184761,0.999862
105.272524,0.405347
105.360288,0.454659
105.448052,0.235655
105.535815,0.246104
105.623579,0.700489
105.711343,0.161870
105.799106,0.139383
105.886870,0.471601
105.974634,0.107898
106.062397,0.955866
106.150161,0.973969
106.237925,0.887259
106.325688,0.645906
106.413452,0.966331
106.501216,0.799511
106.588979,0.420669
106.676743,0.593217
106.764507,0.134403
106.852271,0.137550
106.940034,0.497877
107.027798,0.731134
107.115562,0.450962
107.203325,0.984357
107.291089,0.768301
107.378853,0.353116
107.466616,0.523877
107.554380,0.171372
107.642144,0.141995
107.729907,0.652185
107.817671,0.305469
107.905435,0.092133
107.993198,0.505652
108.080962,0.069859
108.168726,0.055347
108.256489,0.062282
108.344253,0.110464
108.432017,0.082615
108.519780,0.947739
108.607544,0.368607
108.695308,0.076444
108.783071,0.683303
108.870835,0.081088
108.958599,0.527482
109.046362,0.042438
109.134126,0.226459
109.221890,0.039184
109.309653,0.999939
109.397417,0.672777
109.485181,0.554445
109.572944,0.223770
109.660708,0.188298
109.748472,0.594119
109.836235,0.263810
109.923999,0.226612
110.011763,0.498778
110.099526,0.152734
110.187290,0.217278
110.275054,0.222197
110.362817,0.174748
110.450581,0.331072
110.538345,0.965383
110.626108,0.996868
110.713872,0.334112
110.801636,0.670165
110.889399,0.135625
110.977163,0.221586
111.064927,0.567003
111.152690,0.191247
111.240454,0.268026
111.328218,0.982967
111.415981,0.982967
111.503745,0.372013
111.591509,0.753544
111.679272,0.389505
111.767036,0.317446
111.854800,0.643660
111.942563,0.171295
112.030327,0.174076
112.118091,0.466147
112.205854,0.139169
112.293618,0.125787
112.381382,0.215872
112.469146,0.131347
112.556909,0.135212
112.644673,0.943752
112.732437,0.465704
112.820200,0.109685
112.907964,0.644409
112.995728,0.203682
113.083491,0.080538
113.171255,0.411885
113.259019,0.076826
113.346782,0.056829
113.434546,0.987611
113.522310,0.596838
113.610073,0.616132
113.697837,0.375680
113.785601,0.337764
113.873364,0.639597
113.961128,0.244852
114.048892,0.170745
114.136655,0.522945
114.224419,0.139704
114.312183,0.972441
114.399946,0.690559
114.487710,0.974091
114.575474,0.656477
114.663237,0.877223
114.751001,0.984647
114.838765,0.241247
114.926528,0.634601
115.014292,0.125649
115.102056,0.158433
115.189819,0.514604
115.277583,0.194470
115.365347,0.668622
115.453110,0.914024
115.540874,0.987886
115.628638,0.568317
115.716401,0.693477
115.804165,0.274137
115.891929,0.217354
115.979692,0.554934
116.067456,0.264314
116.155220,0.254614
116.242983,0.584189
116.330747,0.174549
116.418511,0.141903
116.506274,0.124198
116.594038,0.135808
116.681802,0.121647
116.769565,0.963260
116.857329,0.480232
116.945093,0.136939
117.032856,0.657027
117.120620,0.060648
117.208384,0.042759
117.296147,0.552505
117.383911,0.041094
117.471675,0.037214
117.559438,0.998075
117.647202,0.784219
117.734966,0.360266
117.822729,0.522869
117.910493,0.187275
117.998257,0.159013
118.086021,0.570562
118.173784,0.270914
118.261548,0.141124
118.349312,0.547495
118.437075,0.264497
118.524839,0.187504
118.612603,0.182967
118.700366,0.179911
118.788130,0.528124
118.875894,0.980492
118.963657,0.322151
119.051421,0.623770
119.139185,0.083517
119.226948,0.204568
119.314712,0.585197
119.402476,0.115154
119.490239,0.441613
119.578003,0.979407
119.665767,0.985136
119.753530,0.434357
119.841294,0.654491
119.929058,0.296761
120.016821,0.282554
120.104585,0.640452
120.192349,0.204476
120.280112,0.185060
120.367876,0.550474
120.455640,0.152551
120.543403,0.107745
120.631167,0.079484
120.718931,0.133303
120.806694,0.242423
120.894458,0.965506
120.982222,0.780232
121.069985,0.149236
121.157749,0.633440
121.245513,0.071540
121.333276,0.085426
121.421040,0.512511
121.508804,0.042591
121.596567,0.055988
121.684331,1.000000
121.772095,0.657012
121.859858,0.405713
121.947622,0.636816
122.035386,0.292392
122.123149,0.233242
122.210913,0.614421
122.298677,0.174198
122.386440,0.147128
122.474204,0.502154
122.561968,0.853529
122.649731,0.912435
122.737495,0.978323
122.825259,0.600092
122.913022,0.158983
123.000786,0.969951
123.088550,0.364864
123.176313,0.636251
123.264077,0.377544
123.351841,0.281745
123.439604,0.577345
123.527368,0.214482
123.615132,0.727437
123.702896,0.732829
123.790659,0.955438
123.878423,0.454980
123.966187,0.585518
124.053950,0.188818
124.141714,0.165597
124.229478,0.680859
124.317241,0.128857
124.405005,0.125191
124.492769,0.567079
124.580532,0.083990
124.668296,0.211732
124.756060,0.085396
124.843823,0.058326
124.931587,0.090895
125.019351,0.946609
125.107114,0.806431
125.194878,0.165582
125.282642,0.565689
125.370405,0.048152
125.458169,0.086328
125.545933,0.473373
125.633696,0.031439
125.721460,0.029682
125.809224,0.995631
125.896987,0.927177
125.984751,0.511198
126.072515,0.537641
126.160278,0.204094
126.248042,0.150519
126.335806,0.672013
126.423569,0.244867
126.511333,0.216987
126.599097,0.663581
126.686860,0.227009
126.774624,0.185823
126.862388,0.158051
126.950151,0.172579
127.037915,0.150382
127.125679,0.997189
127.213442,0.537351
127.301206,0.190529
127.388970,0.585762
127.476733,0.319386
127.564497,0.246486
127.652261,0.631149
127.740024,0.296104
127.827788,0.261457
127.915552,0.984846
128.003315,0.515613
128.091079,0.591827
128.178843,0.405988
128.266606,0.281714
128.354370,0.604736
128.442134,0.205194
128.529897,0.302353
128.617661,0.544638
128.705425,0.147143
128.793188,0.119050
128.880952,0.132356
128.968716,0.096777
129.056479,0.138359
129.144243,0.851008
129.232007,0.959074
129.319771,0.182249
129.407534,0.642026
129.495298,0.086709
129.583062,0.087137
129.670825,0.473709
129.758589,0.066025
129.846353,0.216819
129.934116,0.974580
130.021880,0.983364
130.109644,0.406111
130.197407,0.607455
130.285171,0.256951
130.372935,0.323465
130.460698,0.668866
130.548462,0.227757
130.636226,0.196410
130.723989,0.505759
130.811753,0.168912
130.899517,0.973297
130.987280,0.986129
131.075044,0.609869
131.162808,0.198014
131.250571,0.126535
131.338335,0.190865
131.426099,0.165063
131.513862,0.615170
131.601626,0.175084
131.689390,0.159258
131.777153,0.408249
131.864917,0.591308
131.952681,0.202826
132.040444,0.613489
132.128208,0.365781
132.215972,0.553376
132.303735,0.609349
132.391499,0.398304
132.479263,0.295081
132.567026,0.581867
132.654790,0.647342
132.742554,0.876001
132.830317,0.310480
132.918081,0.241063
133.005845,0.294516
133.093608,0.196104
133.181372,0.165078
133.269136,0.593019
133.356899,0.942789
133.444663,0.276337
133.532427,0.723801
133.620190,0.342820
133.707954,0.230645
133.795718,0.599450
133.883481,0.187198
133.971245,0.152032
134.059009,0.960235
134.146772,0.980232
134.234536,0.581409
134.322300,0.695280
134.410063,0.238390
134.497827,0.240254
134.585591,0.608570
134.673354,0.212343
134.761118,0.222762
134.848882,0.447999
134.936646,0.173999
135.024409,0.261702
135.112173,0.194363
135.199937,0.200565
135.287700,0.196639
135.375464,0.993278
135.463228,0.846425
135.550991,0.231378
135.638755,0.674106
135.726519,0.257088
135.814282,0.237779
135.902046,0.468546
135.989810,0.227314
136.077573,0.197556
136.165337,0.998365
136.253101,0.655637
136.340864,0.391384
136.428628,0.611778
136.516392,0.330202
136.604155,0.257195
136.691919,0.833165
136.779683,0.251176
136.867446,0.213947
136.955210,0.508249
137.042974,0.167339
137.130737,0.173969
137.218501,0.192881
137.306265,0.167430
137.394028,0.450015
137.481792,0.951589
137.569556,0.334051
137.657319,0.721968
137.745083,0.283868
137.832847,0.197968
137.920610,0.528873
138.008374,0.209731
138.096138,0.153315
138.183901,0.574672
138.271665,0.997510
138.359429,0.533837
138.447192,0.695631
138.534956,0.283333
138.622720,0.372136
138.710483,0.727727
138.798247,0.274992
138.886011,0.331378
138.973774,0.477742
139.061538,0.191017
139.149302,0.977803
139.237065,0.913214
139.324829,0.994837
139.412593,0.700687
139.500356,0.968225
139.588120,0.793676
139.675884,0.318500
139.763647,0.568943
139.851411,0.182936
139.939175,0.240162
140.026938,0.522976
140.114702,0.344699
140.202466,0.764665
140.290229,0.994485
140.377993,0.756172
140.465757,0.306156
140.553521,0.617446
140.641284,0.322823
140.729048,0.205408
140.816812,0.615949
140.904575,0.174641
140.992339,0.175008
141.080103,0.433700
141.167866,0.192362
141.255630,0.140223
141.343394,0.161518
141.431157,0.253605
141.518921,0.149694
141.606685,0.950886
141.694448,0.389291
141.782212,0.717156
141.869976,0.587473
141.957739,0.190483
142.045503,0.194348
142.133267,0.449145
142.221030,0.098579
142.308794,0.429713
142.396558,0.974840
142.484321,0.537015
142.572085,0.645524
142.659849,0.249358
142.747612,0.418622
142.835376,0.539154
142.923140,0.308799
143.010903,0.249725
143.098667,0.576367
143.186431,0.203957
143.274194,0.278353
143.361958,0.339749
143.449722,0.228873
143.537485,0.233303
143.625249,0.954659
143.713013,0.993813
143.800776,0.327987
143.888540,0.732982
143.976304,0.202841
144.064067,0.407791
144.151831,0.578842
144.239595,0.212007
144.327358,0.265032
144.415122,0.949145
144.502886,0.989826
144.590649,0.489872
144.678413,0.709701
144.766177,0.403559
144.853940,0.381928
144.941704,0.687091
145.029468,0.250076
145.117231,0.206981
145.204995,0.541491
145.292759,0.236679
145.380522,0.173801
145.468286,0.187183
145.556050,0.194134
145.643813,0.179652
145.731577,0.986098
145.819341,0.511198
145.907104,0.151757
145.994868,0.600749
146.082632,0.449190
146.170396,0.303972
146.258159,0.447174
146.345923,0.165704
146.433687,0.157929
146.521450,0.997571
146.609214,0.620959
146.696978,0.421800
146.784741,0.446991
146.872505,0.359303
146.960269,0.602291
147.048032,0.422854
147.135796,0.241430
147.223560,0.445906
147.311323,0.189902
147.399087,0.966422
147.486851,0.738680
147.574614,0.992713
147.662378,0.657119
147.750142,0.610419
147.837905,0.975008
147.925669,0.339643
148.013433,0.709563
148.101196,0.191353
148.188960,0.192270
148.276724,0.608585
148.364487,0.261167
148.452251,0.502551
148.540015,0.866972
148.627778,0.970058
148.715542,0.487259
148.803306,0.629224
148.891069,0.383104
148.978833,0.331546
149.066597,0.749572
149.154360,0.306936
149.242124,0.354415
149.329888,0.639337
149.417651,0.197968
149.505415,0.187779
149.593179,0.183379
149.680942,0.153422
149.768706,0.200535
149.856470,0.951955
149.944233,0.741598
150.031997,0.189337
150.119761,0.604216
150.207524,0.195830
150.295288,0.124763
150.383052,0.479698
150.470815,0.208463
150.558579,0.103009
150.646343,0.947739
150.734106,0.626596
150.821870,0.374809
150.909634,0.714452
150.997397,0.271005
151.085161,0.225451
151.172925,0.616010
151.260688,0.249419
151.348452,0.167950
151.436216,0.539963
151.523979,0.245723
151.611743,0.226795
151.699507,0.264085
151.787271,0.278368
151.875034,0.321204
151.962798,0.985839
152.050562,0.423847
152.138325,0.698304
152.226089,0.238756
152.313853,0.747800
152.401616,0.450519
152.489380,0.270318
152.577144,0.759930
152.664907,0.621311
152.752671,0.981072
152.840435,0.466147
152.928198,0.568821
153.015962,0.349481
153.103726,0.348258
153.191489,0.579468
153.279253,0.234846
153.367017,0.266269
153.454780,0.520684
153.542544,0.143003
153.630308,0.168439
153.718071,0.252414
153.805835,0.151818
153.893599,0.136923
153.981362,0.965490
154.069126,0.777452
154.156890,0.263947
154.244653,0.707928
154.332417,0.233853
154.420181,0.196548
154.507944,0.494775
154.595708,0.145066
154.683472,0.154048
154.771235,0.986725
154.858999,0.661350
154.946763,0.441170
155.034526,0.618317
155.122290,0.290651
155.210054,0.263963
155.297817,0.659899
155.385581,0.232172
155.473345,0.210846
155.561108,0.596257
155.648872,0.626062
155.736636,0.970470
155.824399,0.968958
155.912163,0.638436
155.999927,0.221433
156.087690,0.973465
156.175454,0.459823
156.263218,0.555133
156.350981,0.724794
156.438745,0.170914
156.526509,0.527085
156.614272,0.268698
156.702036,0.699985
156.789800,0.514054
156.877563,0.992270
156.965327,0.498961
157.053091,0.613413
157.140854,0.278307
157.228618,0.221082
157.316382,0.649251
157.404146,0.151848
157.491909,0.165460
157.579673,0.491308
157.667437,0.114971
157.755200,0.131439
157.842964,0.127391
157.930728,0.155408
158.018491,0.187993
158.106255,0.907547
158.194019,0.960526
158.281782,0.239963
158.369546,0.581210
158.457310,0.162023
158.545073,0.187901
158.632837,0.484311
158.720601,0.104583
158.808364,0.108967
158.896128,0.987611
158.983892,0.943324
159.071655,0.478338
159.159419,0.541965
159.247183,0.280034
159.334946,0.202857
159.422710,0.653865
159.510474,0.356523
159.598237,0.254201
159.686001,0.449863
159.773765,0.247418
159.861528,0.248045
159.949292,0.286908
160.037056,0.257852
160.124819,0.197877
160.212583,0.993599
160.300347,0.608616
160.388110,0.327360
160.475874,0.697342
160.563638,0.372426
160.651401,0.275405
160.739165,0.648610
160.826929,0.471922
160.914692,0.352414
161.002456,0.998106
161.090220,0.501894
161.177983,0.420577
161.265747,0.566743
161.353511,0.322441
161.441274,0.735671
161.529038,0.318469
161.616802,0.228475
161.704565,0.447938
161.792329,0.178659
161.880093,0.203636
161.967856,0.195050
162.055620,0.201650
162.143384,0.317201
162.231147,0.623251
162.318911,0.971952
162.406675,0.256783
162.494438,0.783058
162.582202,0.171158
162.669966,0.130370
162.757729,0.445188
162.845493,0.127284
162.933257,0.152215
163.021021,0.752230
163.108784,0.997052
163.196548,0.485915
163.284312,0.600550
163.372075,0.276826
163.459839,0.425817
163.547603,0.728445
163.635366,0.246349
163.723130,0.222029
163.810894,0.547861
163.898657,0.172243
163.986421,0.973541
164.074185,0.987473
164.161948,0.830981
164.249712,0.589184
164.337476,0.966667
164.425239,0.659823
164.513003,0.326734
164.600767,0.626673
164.688530,0.307165
164.776294,0.240422
164.864058,0.489887
164.951821,0.556874
165.039585,0.190865
165.127349,0.966361
165.215112,0.535503
165.302876,0.373999
165.390640,0.597647
165.478403,0.313520
165.566167,0.265108
165.653931,0.663627
165.741694,0.309777
165.829458,0.293569
165.917222,0.604445
166.004985,0.283746
166.092749,0.166376
166.180513,0.175206
166.268276,0.201635
166.356040,0.530461
166.443804,0.965108
166.531567,0.324855
166.619331,0.731775
166.707095,0.198808
166.794858,0.184693
166.882622,0.541873
166.970386,0.143874
167.058149,0.131806
167.145913,0.892942
167.233677,0.989215
167.321440,0.496761
167.409204,0.604797
167.496968,0.232860
167.584731,0.196975
167.672495,0.715551
167.760259,0.288955
167.848022,0.283471
167.935786,0.562435
168.023550,0.192958
168.111313,0.309563
168.199077,0.268255
168.286841,0.206722
168.374604,0.263520
168.462368,0.959090
168.550132,0.867644
168.637896,0.349954
168.725659,0.736954
168.813423,0.239765
168.901187,0.676276
168.988950,0.578460
169.076714,0.378980
169.164478,0.730797
169.252241,0.974259
169.340005,0.704583
169.427769,0.348213
169.515532,0.460480
169.603296,0.368576
169.691060,0.257944
169.778823,0.804491
169.866587,0.261702
169.954351,0.221066
170.042114,0.531439
170.129878,0.167079
170.217642,0.142224
170.305405,0.144332
170.393169,0.169279
170.480933,0.168072
170.568696,0.969355
170.656460,0.420623
170.744224,0.618867
170.831987,0.555148
170.919751,0.163841
171.007515,0.513306
171.095278,0.124335
171.183042,0.211625
171.270806,0.396059
171.358569,0.999588
171.446333,0.444287
171.534097,0.648274
171.621860,0.295677
171.709624,0.357791
171.797388,0.710098
171.885151,0.284204
171.972915,0.230400
172.060679,0.527941
172.148442,0.199863
172.236206,0.955011
172.323970,0.929392
172.411733,0.994088
172.499497,0.618240
172.587261,0.945280
172.675024,0.949908
172.762788,0.298640
172.850552,0.569982
172.938315,0.165613
173.026079,0.181913
173.113843,0.619187
173.201606,0.393859
173.289370,0.717324
173.377134,0.996288
173.464897,0.778521
173.552661,0.339841
173.640425,0.576123
173.728188,0.323388
173.815952,0.205011
173.903716,0.558020
173.991479,0.172090
174.079243,0.160541
174.167007,0.460464
174.254771,0.127544
174.342534,0.138527
174.430298,0.258784
174.518062,0.175283
174.605825,0.157730
174.693589,0.954675
174.781353,0.434342
174.869116,0.390208
174.956880,0.596929
175.044644,0.209074
175.132407,0.118072
175.220171,0.460159
175.307935,0.088191
175.395698,0.096074
175.483462,0.980935
175.571226,0.555561
175.658989,0.663520
175.746753,0.432081
175.834517,0.237595
175.922280,0.635029
176.010044,0.358830
176.097808,0.230660
176.185571,0.610189
176.273335,0.192041
176.361099,0.347464
176.448862,0.219829
176.536626,0.241949
176.624390,0.215078
176.712153,0.811182
176.799917,0.997204
176.887681,0.396104
176.975444,0.691797
177.063208,0.213061
177.150972,0.297739
177.238735,0.495127
177.326499,0.197479
177.414263,0.302047
177.502026,0.986053
177.589790,0.982463
177.677554,0.405133
177.765317,0.526337
177.853081,0.371265
177.940845,0.306019
178.028608,0.624366
178.116372,0.238879
178.204136,0.201253
178.291899,0.520257
178.379663,0.200718
178.467427,0.218026
178.555190,0.161961
178.642954,0.165154
178.730718,0.191965
178.818481,0.981531
178.906245,0.549145
178.994009,0.178307
179.081772,0.703407
179.169536,0.146120
179.257300,0.132142
179.345063,0.480889
179.432827,0.113184
179.520591,0.133272
179.608354,0.993691
179.696118,0.706340
179.783882,0.372197
179.871646,0.498671
179.959409,0.353773
180.047173,0.315017
180.134937,0.720868
180.222700,0.309380
180.310464,0.584464
180.398228,0.321372
180.485991,0.956477
180.573755,0.897250
180.661519,0.994439
180.749282,0.671066
180.837046,0.532631
180.924810,0.965597
181.012573,0.385762
181.100337,0.607195
181.188101,0.211030
181.275864,0.180049
181.363628,0.441720
181.451392,0.221005
181.539155,0.645906
181.626919,0.947235
181.714683,0.938100
181.802446,0.483807
181.890210,0.517751
181.977974,0.347189
182.065737,0.404522
182.153501,0.603727
182.241265,0.327803
182.329028,0.320852
182.416792,0.421005
182.504556,0.213993
182.592319,0.222472
182.680083,0.173098
182.767847,0.165490
182.855610,0.241873
182.943374,0.952261
183.031138,0.743905
183.118901,0.233364
183.206665,0.647281
183.294429,0.143446
183.382192,0.139291
183.469956,0.533196
183.557720,0.110617
183.645483,0.123419
183.733247,0.981210
183.821011,0.780293
183.908774,0.417843
183.996538,0.571158
184.084302,0.325710
184.172065,0.242224
184.259829,0.527452
184.347593,0.210159
184.435356,0.199664
184.523120,0.494791
184.610884,0.211748
184.698647,0.183883
184.786411,0.234723
184.874175,0.197953
184.961938,0.177528
185.049702,0.987046
185.137466,0.403101
185.225229,0.540712
185.312993,0.285518
185.400757,0.300290
185.488521,0.481745
185.576284,0.172961
185.664048,0.285594
185.751812,0.490086
185.839575,0.997235
185.927339,0.453239
186.015103,0.548640
186.102866,0.367110
186.190630,0.409090
186.278394,0.665964
186.366157,0.206477
186.453921,0.223419
186.541685,0.488619
186.629448,0.210098
186.717212,0.215857
186.804976,0.164559
186.892739,0.187015
186.980503,0.167889
187.068267,0.989138
187.156030,0.753682
187.243794,0.223205
187.331558,0.675374
187.419321,0.152826
187.507085,0.153040
187.594849,0.508998
187.682612,0.122899
187.770376,0.131393
187.858140,0.998289
187.945903,0.881195
188.033667,0.466911
188.121431,0.526764
188.209194,0.311793
188.296958,0.291201
188.384722,0.691965
188.472485,0.228414
188.560249,0.202750
188.648013,0.485869
188.735776,0.596181
188.823540,0.958035
188.911304,0.978460
188.999067,0.609624
189.086831,0.199435
189.174595,0.972579
189.262358,0.581240
189.350122,0.377574
189.437886,0.762511
189.525649,0.281424
189.613413,0.206065
189.701177,0.659808
189.788940,0.507027
189.876704,0.168653
189.964468,0.998090
190.052231,0.475573
190.139995,0.567644
190.227759,0.328078
190.315522,0.233532
190.403286,0.534174
190.491050,0.158891
190.578813,0.344134
190.666577,0.468882
190.754341,0.126994
190.842104,0.177834
190.929868,0.170394
191.017632,0.153529
191.105396,0.156661
191.193159,0.905469
191.280923,0.984571
191.368687,0.239230
191.456450,0.611595
191.544214,0.108601
191.631978,0.138909
191.719741,0.615857
191.807505,0.086709
191.895269,0.195585
191.983032,0.939963
192.070796,0.917232
192.158560,0.538863
192.246323,0.583349
192.334087,0.252643
192.421851,0.253315
192.509614,0.652628
192.597378,0.286786
192.685142,0.259044
192.772905,0.565063
192.860669,0.259517
192.948433,0.236893
193.036196,0.297724
193.123960,0.294073
193.211724,0.196654
193.299487,0.985884
193.387251,0.627925
193.475015,0.313107
193.562778,0.522808
193.650542,0.324641
193.738306,0.294057
193.826069,0.586282
193.913833,0.326749
194.001597,0.325512
194.089360,0.988879
194.177124,0.530843
194.264888,0.372304
194.352651,0.555912
194.440415,0.374595
194.528179,0.305958
194.615942,0.555927
194.703706,0.245203
194.791470,0.587076
194.879233,0.175283
194.966997,0.188756
195.054761,0.181042
195.142524,0.278918
195.230288,0.205988
195.318052,0.584632
195.405815,0.968011
195.493579,0.319951
195.581343,0.691888
195.669106,0.135823
195.756870,0.259976
195.844634,0.463306
195.932397,0.117033
196.020161,0.139887
196.107925,0.790055
196.195688,0.989398
196.283452,0.459135
196.371216,0.665307
196.458979,0.265903
196.546743,0.294317
196.634507,0.640544
196.722271,0.247403
196.810034,0.203712
196.897798,0.450229
196.985562,0.195982
197.073325,0.973969
197.161089,0.991537
197.248853,0.837626
197.336616,0.545891
197.424380,0.987947
197.512144,0.791491
197.599907,0.300183
197.687671,0.659227
197.775435,0.197021
197.863198,0.216896
197.950962,0.491399
198.038726,0.653422
198.126489,0.212649
198.214253,0.967614
198.302017,0.581393
198.389780,0.316483
198.477544,0.529774
198.565308,0.295295
198.653071,0.237030
198.740835,0.591063
198.828599,0.189047
198.916362,0.170257
199.004126,0.520287
199.091890,0.167278
199.179653,0.146074
199.267417,0.124366
199.355181,0.141292
199.442944,0.380981
199.530708,0.948213
199.618472,0.327956
199.706235,0.596150
199.793999,0.208708
199.881763,0.371998
199.969526,0.527528
200.057290,0.134494
200.145054,0.143248
200.232817,0.755591
200.320581,0.881393
200.408345,0.411137
200.496108,0.649221
200.583872,0.216346
200.671636,0.214345
200.759399,0.652964
200.847163,0.140269
200.934927,0.259685
201.022690,0.531011
201.110454,0.129285
201.198218,0.168958
201.285981,0.136618
201.373745,0.165857
201.461509,0.160831
201.549272,0.966544
201.637036,0.797693
201.724800,0.230797
201.812563,0.539108
201.900327,0.130003
201.988091,0.143126
202.075854,0.538970
202.163618,0.256997
202.251382,0.178032
202.339146,0.994348
202.426909,0.665826
202.514673,0.278231
202.602437,0.453789
202.690200,0.328964
202.777964,0.208173
202.865728,0.624045
202.953491,0.190529
203.041255,0.157715
203.129019,0.558601
203.216782,0.155912
203.304546,0.139872
203.392310,0.149526
203.480073,0.244577
203.567837,0.166911
203.655601,0.947464
203.743364,0.389536
203.831128,0.167660
203.918892,0.613749
204.006655,0.185060
204.094419,0.284464
204.182183,0.474687
204.269946,0.142469
204.357710,0.425710
204.445474,0.973098
204.533237,0.450596
204.621001,0.210617
204.708765,0.567889
204.796528,0.292637
204.884292,0.607409
204.972056,0.170532
205.059819,0.204018
205.147583,0.475680
205.235347,0.166712
205.323110,0.965949
205.410874,0.852704
205.498638,0.948045
205.586401,0.765292
205.674165,0.865949
205.761929,0.957852
205.849692,0.250718
205.937456,0.753773
206.025220,0.110037
206.112983,0.232050
206.200747,0.565368
206.288511,0.089597
206.376274,0.558540
206.464038,0.596120
206.551802,0.992102
206.639565,0.334494
206.727329,0.540620
206.815093,0.246639
206.902856,0.160510
206.990620,0.739872
207.078384,0.139581
207.166147,0.155469
207.253911,0.643538
207.341675,0.253162
207.429438,0.115796
207.517202,0.155958
207.604966,0.161793
207.692729,0.168087
207.780493,0.950855
207.868257,0.486908
207.956021,0.238222
208.043784,0.609074
208.131548,0.304064
208.219312,0.196227
208.307075,0.520226
208.394839,0.081699
208.482603,0.101207
208.570366,0.954048
208.658130,0.514879
208.745894,0.310021
208.833657,0.554995
208.921421,0.222945
209.009185,0.551589
209.096948,0.337107
209.184712,0.137702
209.272476,0.442637
209.360239,0.188680
209.448003,0.128338
209.535767,0.130385
209.623530,0.213902
209.711294,0.169737
209.799058,0.602857
209.886821,0.978628
209.974585,0.286450
210.062349,0.653315
210.150112,0.125313
210.237876,0.102689
210.325640,0.398350
210.413403,0.091766
210.501167,0.094409
210.588931,0.972945
210.676694,0.946609
210.764458,0.356370
210.852222,0.482065
210.939985,0.170776
211.027749,0.277925
211.115513,0.706829
211.203276,0.121295
211.291040,0.229453
211.378804,0.592301
211.466567,0.108020
211.554331,0.132218
211.642095,0.152903
211.729858,0.166697
211.817622,0.151237
211.905386,0.951910
211.993149,0.578811
212.080913,0.154598
212.168677,0.573801
212.256440,0.248961
212.344204,0.321891
212.431968,0.427742
212.519731,0.222502
212.607495,0.144027
212.695259,0.981317
212.783022,0.566468
212.870786,0.310984
212.958550,0.482860
213.046313,0.176031
213.134077,0.162848
213.221841,0.620043
213.309604,0.127192
213.397368,0.129957
213.485132,0.485441
213.572896,0.882493
213.660659,0.956599
213.748423,0.964390
213.836187,0.525527
213.923950,0.490070
214.011714,0.951237
214.099478,0.309899
214.187241,0.627650
214.275005,0.278093
214.362769,0.141858
214.450532,0.435426
214.538296,0.226856
214.626060,0.633058
214.713823,0.579056
214.801587,0.969753
214.889351,0.392927
214.977114,0.335350
215.064878,0.248060
215.152642,0.261060
215.240405,0.635533
215.328169,0.162618
215.415933,0.179728
215.503696,0.136419
215.591460,0.189505
215.679224,0.135228
215.766987,0.123281
215.854751,0.115689
215.942515,0.127024
216.030278,0.931485
216.118042,0.757867
216.205806,0.184494
216.293569,0.725680
216.381333,0.111335
216.469097,0.125084
216.556860,0.158799
216.644624,0.103987
216.732388,0.099710
216.820151,0.922838
216.907915,0.629361
216.995679,0.380018
217.083442,0.255561
217.171206,0.227742
217.258970,0.222380
217.346733,0.670180
217.434497,0.148075
217.522261,0.150351
217.610024,0.148488
217.697788,0.140956
217.785552,0.195875
217.873315,0.133440
217.961079,0.146349
218.048843,0.150825
218.136606,0.963061
218.224370,0.368668
218.312134,0.130385
218.399897,0.735640
218.487661,0.447831
218.575425,0.154216
218.663188,0.519508
218.750952,0.180507
218.838716,0.363168
218.926479,0.986328
219.014243,0.480904
219.102007,0.248915
219.189771,0.335136
219.277534,0.222854
219.365298,0.564788
219.453062,0.150917
219.540825,0.158387
219.628589,0.187351
219.716353,0.164024
219.804116,0.172670
219.891880,0.159258
219.979644,0.158524
220.067407,0.154919
220.155171,0.893064
220.242935,0.951497
220.330698,0.231699
220.418462,0.593294
220.506226,0.134937
220.593989,0.154919
220.681753,0.193431
220.769517,0.123969
220.857280,0.120196
220.945044,0.926780
221.032808,0.965429
221.120571,0.286282
221.208335,0.212466
221.296099,0.189047
221.383862,0.229468
221.471626,0.648579
221.559390,0.147464
221.647153,0.158769
221.734917,0.164604
221.822681,0.400260
221.910444,0.947739
221.998208,0.961366
222.085972,0.767232
222.173735,0.255576
222.261499,0.949145
222.349263,0.485258
222.437026,0.143599
222.524790,0.687366
222.612554,0.147984
222.700317,0.118240
222.788081,0.169859
222.875845,0.553101
222.963608,0.081317
223.051372,0.992331
223.139136,0.446013
223.226899,0.320440
223.314663,0.327177
223.402427,0.295707
223.490190,0.749358
223.577954,0.233944
223.665718,0.145936
223.753481,0.133272
223.841245,0.157348
223.929009,0.158295
224.016772,0.128857
224.104536,0.164421
224.192300,0.149694
224.280063,0.553300
224.367827,0.942851
224.455591,0.237397
224.543354,0.647418
224.631118,0.100917
224.718882,0.125130
224.806646,0.159609
224.894409,0.126826
224.982173,0.115322
225.069937,0.694180
225.157700,0.700565
225.245464,0.402841
225.333228,0.245478
225.420991,0.206767
225.508755,0.220348
225.596519,0.666621
225.684282,0.112863
225.772046,0.149572
225.859810,0.136908
225.947573,0.122884
226.035337,0.115750
226.123101,0.140177
226.210864,0.176245
226.298628,0.137718
226.386392,0.964039
226.474155,0.574794
226.561919,0.188650
226.649683,0.698350
226.737446,0.064833
226.825210,0.078017
226.912974,0.337641
227.000737,0.100810
227.088501,0.275252
227.176265,0.983089
227.264028,0.649481
227.351792,0.232524
227.439556,0.296914
227.527319,0.278781
227.615083,0.174855
227.702847,0.651543
227.790610,0.171402
227.878374,0.129713
227.966138,0.138482
228.053901,0.162924
228.141665,0.111488
228.229429,0.155912
228.317192,0.141185
228.404956,0.485778
228.492720,0.931882
228.580483,0.293324
228.668247,0.767033
228.756011,0.204491
228.843774,0.152261
228.931538,0.158998
229.019302,0.176673
229.107065,0.106126
229.194829,0.674931
229.282593,0.976627
229.370356,0.397953
229.458120,0.235060
229.545884,0.192087
229.633647,0.195035
229.721411,0.623236
229.809175,0.152078
229.896938,0.170180
229.984702,0.142774
230.072466,0.132340
230.160229,0.933517
230.247993,0.939704
230.335757,0.762710
230.423521,0.599908
230.511284,0.933761
230.599048,0.755820
230.686812,0.176734
230.774575,0.722181
230.862339,0.195325
230.950103,0.141017
231.037866,0.326734
231.125630,0.589520
231.213394,0.321952
231.301157,0.966743
231.388921,0.644791
231.476685,0.278964
231.564448,0.369019
231.652212,0.256844
231.739976,0.206676
231.827739,0.541628
231.915503,0.217293
232.003267,0.178277
232.091030,0.138756
232.178794,0.138497
232.266558,0.111121
232.354321,0.164986
232.442085,0.131011
232.529849,0.115704
232.617612,0.962771
232.705376,0.370684
232.793140,0.740620
232.880903,0.552276
232.968667,0.122456
233.056431,0.122151
233.144194,0.181592
233.231958,0.114329
233.319722,0.413184
233.407485,0.993064
233.495249,0.494287
233.583013,0.292178
233.670776,0.212267
233.758540,0.239627
233.846304,0.569432
233.934067,0.154995
234.021831,0.162175
234.109595,0.143171
234.197358,0.170486
234.285122,0.168194
234.372886,0.114665
234.460649,0.139566
234.548413,0.146257
234.636177,0.865200
234.723940,0.952368
234.811704,0.201803
234.899468,0.657730
234.987231,0.132386
235.074995,0.154919
235.162759,0.162023
235.250522,0.139612
235.338286,0.137855
235.426050,0.966865
235.513813,0.907944
235.601577,0.281454
235.689341,0.266163
235.777104,0.216957
235.864868,0.378032
235.952632,0.673052
236.040396,0.131302
236.128159,0.197357
236.215923,0.166804
236.303687,0.157409
236.391450,0.157424
236.479214,0.177910
236.566978,0.185625
236.654741,0.209746
236.742505,0.938756
236.830269,0.504125
236.918032,0.159731
237.005796,0.535472
237.093560,0.124840
237.181323,0.168882
237.269087,0.155851
237.356851,0.100443
237.444614,0.459242
237.532378,0.971968
237.620142,0.566285
237.707905,0.241873
237.795669,0.210327
237.883433,0.240452
237.971196,0.638268
238.058960,0.203330
238.146724,0.158815
238.234487,0.174381
238.322251,0.155744
238.410015,0.163642
238.497778,0.137076
238.585542,0.147479
238.673306,0.155026
238.761069,0.855912
238.848833,0.952169
238.936597,0.239398
239.024360,0.622686
239.112124,0.090223
239.199888,0.120562
239.287651,0.148518
239.375415,0.109853
239.463179,0.171173
239.550942,0.994531
239.638706,0.719615
239.726470,0.307577
239.814233,0.251436
239.901997,0.240024
239.989761,0.231699
240.077524,0.588909
240.165288,0.127223
240.253052,0.179270
240.340815,0.130141
240.428579,0.122731
240.516343,0.119982
240.604106,0.146853
240.691870,0.161350
240.779634,0.142851
240.867397,0.958387
240.955161,0.562511
241.042925,0.154797
241.130688,0.662863
241.218452,0.136679
241.306216,0.099099
241.393979,0.164390
241.481743,0.093538
241.569507,0.095875
241.657271,0.930461
241.745034,0.563657
241.832798,0.384846
241.920562,0.234983
242.008325,0.215826
242.096089,0.161793
242.183853,0.711778
242.271616,0.136175
242.359380,0.149588
242.447144,0.137901
242.534907,0.166025
242.622671,0.132539
242.710435,0.136434
242.798198,0.149694
242.885962,0.395555
242.973726,0.966514
243.061489,0.259517
243.149253,0.739031
243.237017,0.084922
243.324780,0.314253
243.412544,0.393950
243.500308,0.117553
243.588071,0.436236
243.675835,0.971830
243.763599,0.947220
243.851362,0.341170
243.939126,0.307058
244.026890,0.209930
244.114653,0.208921
244.202417,0.872288
244.290181,0.100901
244.377944,0.155790
244.465708,0.120593
244.553472,0.118332
244.641235,0.170929
244.728999,0.135869
244.816763,0.135472
244.904526,0.162236
244.992290,0.850489
245.080054,0.954614
245.167817,0.204659
245.255581,0.635518
245.343345,0.135885
245.431108,0.136771
245.518872,0.219814
245.606636,0.119248
245.694399,0.100137
245.782163,0.995432
245.869927,0.564238
245.957690,0.277544
246.045454,0.214421
246.133218,0.174381
246.220981,0.162374
246.308745,0.633807
246.396509,0.143782
246.484272,0.126734
246.572036,0.149740
246.659800,0.173648
246.747563,0.132524
246.835327,0.127452
246.923091,0.131622
247.010854,0.146777
247.098618,0.943859
247.186382,0.349420
247.274146,0.655759
247.361909,0.223281
247.449673,0.179743
247.537437,0.149190
247.625200,0.193538
247.712964,0.253544
247.800728,0.871845
247.888491,0.995310
247.976255,0.471891
248.064019,0.434143
248.151782,0.272136
248.239546,0.284937
248.327310,0.260021
248.415073,0.212130
248.502837,0.180614
248.590601,0.220516
248.678364,0.141552
248.766128,0.148396
248.853892,0.159716
248.941655,0.118148
249.029419,0.147984
249.117183,0.159762
249.204946,0.099496
249.292710,0.255163
249.380474,0.410632
249.468237,0.199618
249.556001,0.185380
249.643765,0.141185
249.731528,0.090895
249.819292,0.089200
249.907056,0.535701
249.994819,0.588543
250.082583,0.313459
250.170347,0.249710
250.258110,0.244363
250.345874,0.194149
250.433638,0.202979
250.521401,0.171891
250.609165,0.141292
250.696929,0.168989
250.784692,0.156462
250.872456,0.152780
250.960220,0.165475
251.047983,0.151635
251.135747,0.141170
251.223511,0.154079
251.311274,0.259303
251.399038,0.575878
251.486802,0.444837
251.574565,0.140910
251.662329,0.389765
251.750093,0.339627
251.837856,0.116193
251.925620,0.370425
252.013384,0.408723
252.101147,0.262023
252.188911,0.255561
252.276675,0.384617
252.364438,0.327284
252.452202,0.201680
252.539966,0.257012
252.627729,0.187901
252.715493,0.142698
252.803257,0.159258
252.891021,0.188390
252.978784,0.162359
253.066548,0.140009
253.154312,0.189994
253.242075,0.162191
253.329839,0.156767
253.417603,0.251039
253.505366,0.473327
253.593130,0.219035
253.680894,0.204415
253.768657,0.229438
253.856421,0.146975
253.944185,0.183746
254.031948,0.379468
254.119712,0.415658
254.207476,0.288695
254.295239,0.257867
254.383003,0.220318
254.470767,0.240819
254.558530,0.199389
254.646294,0.178552
254.734058,0.175634
254.821821,0.185426
254.909585,0.186984
254.997349,0.192331
255.085112,0.176398
255.172876,0.144562
255.260640,0.121463
255.348403,0.170409
255.436167,0.261518
255.523931,0.300886
255.611694,0.649190
255.699458,0.125344
255.787222,0.140315
255.874985,0.165490
255.962749,0.150183
256.050513,0.131317
256.138276,0.436832
256.226040,0.324351
256.313804,0.348778
256.401567,0.438313
256.489331,0.451818
256.577095,0.283624
256.664858,0.273847
256.752622,0.192805
256.840386,0.131256
256.928149,0.134830
257.015913,0.197510
257.103677,0.156034
257.191440,0.138436
257.279204,0.174381
257.366968,0.186648
257.454731,0.140269
257.542495,0.271769
257.630259,0.572579
257.718022,0.415399
257.805786,0.214329
257.893550,0.175771
257.981313,0.145463
258.069077,0.131240
258.156841,0.435075
258.244604,0.508906
258.332368,0.431057
258.420132,0.250367
258.507896,0.224183
258.595659,0.243538
258.683423,0.183792
258.771187,0.187061
258.858950,0.216544
258.946714,0.213657
259.034478,0.158127
259.122241,0.146288
259.210005,0.157806
259.297769,0.171815
259.385532,0.147724
259.473296,0.132646
259.561060,0.292958
259.648823,0.303147
259.736587,0.492499
259.824351,0.310174
259.912114,0.125328
259.999878,0.291338
260.087642,0.230507
260.175405,0.107929
260.263169,0.410128
260.350933,0.304048
260.438696,0.219004
260.526460,0.244760
260.614224,0.484876
260.701987,0.214956
260.789751,0.280354
260.877515,0.151146
260.965278,0.146318
261.053042,0.127421
261.140806,0.127131
261.228569,0.108265
261.316333,0.168485
261.404097,0.153468
261.491860,0.132997
261.579624,0.158524
261.667388,0.227971
261.755151,0.316758
261.842915,0.414849
261.930679,0.169676
262.018442,0.150290
262.106206,0.182233
262.193970,0.107760
262.281733,0.372456
262.369497,0.383639
262.457261,0.417094
262.545024,0.210174
262.632788,0.182844
262.720552,0.201772
262.808315,0.218851
262.896079,0.163520
262.983843,0.172609
263.071606,0.154369
263.159370,0.146548
263.247134,0.169019
263.334897,0.190376
263.422661,0.164940
263.510425,0.180538
263.598188,0.190116
263.685952,0.180309
263.773716,0.449496
263.861479,0.447953
263.949243,0.274106
264.037007,0.192744
264.124771,0.241644
264.212534,0.295402
264.300298,0.179728
264.388062,0.463993
264.475825,0.362725
264.563589,0.313611
264.651353,0.398824
264.739116,0.302505
264.826880,0.238772
264.914644,0.236053
265.002407,0.207806
265.090171,0.134097
265.177935,0.119569
265.265698,0.127528
265.353462,0.120089
265.441226,0.145860
265.528989,0.091384
265.616753,0.110312
265.704517,0.152643
265.792280,0.168133
265.880044,0.343767
265.967808,0.439230
266.055571,0.155316
266.143335,0.151146
266.231099,0.177391
266.318862,0.091628
266.406626,0.080935
266.494390,0.147189
266.582153,0.485625
266.669917,0.550519
266.757681,0.297770
266.845444,0.658601
266.933208,0.202032
267.020972,0.296899
267.108735,0.173129
267.196499,0.157669
267.284263,0.179759
267.372026,0.136648
267.459790,0.126153
267.547554,0.131149
267.635317,0.153850
267.723081,0.135426
267.810845,0.129270
267.898608,0.128170
267.986372,0.118973
268.074136,0.141002
268.161899,0.174840
268.249663,0.382997
268.337427,0.213336
268.425190,0.138329
268.512954,0.151573
268.600718,0.164818
268.688481,0.127971
268.776245,0.079224
268.864009,0.110098
268.951772,0.171295
269.039536,0.330599
269.127300,0.309044
269.215063,0.277513
269.302827,0.219508
269.390591,0.392331
269.478354,0.238741
269.566118,0.187855
269.653882,0.273037
269.741646,0.186205
269.829409,0.162221
269.917173,0.146395
270.004937,0.175695
270.092700,0.129759
270.180464,0.116071
270.268228,0.136159
270.355991,0.132554
270.443755,0.130385
270.531519,0.125313
270.619282,0.124397
270.707046,0.152475
270.794810,0.307195
270.882573,0.200672
270.970337,0.279423
271.058101,0.191949
271.145864,0.370639
271.233628,0.143859
271.321392,0.118836
271.409155,0.111014
271.496919,0.540284
271.584683,0.135900
271.672446,0.130843
271.760210,0.832081
271.847974,0.294562
271.935737,0.508097
272.023501,0.418057
272.111265,0.242927
272.199028,0.247907
272.286792,0.173037
272.374556,0.190529
272.462319,0.184601
272.550083,0.271693
272.637847,0.197663
272.725610,0.166728
272.813374,0.133196
272.901138,0.183746
272.988901,0.110021
273.076665,0.133043
273.164429,0.167171
273.252192,0.129346
273.339956,0.144027
273.427720,0.122120
273.515483,0.127437
273.603247,0.138023
273.691011,0.133165
273.778774,0.175527
273.866538,0.405927
273.954302,0.162557
274.042065,0.119921
274.129829,0.186159
274.217593,0.449328
274.305356,0.162725
274.393120,0.427253
274.480884,0.303101
274.568647,0.289795
274.656411,0.326535
274.744175,0.424778
274.831938,0.335304
274.919702,0.233807
275.007466,0.189658
275.095229,0.376520
275.182993,0.249878
275.270757,0.144531
275.358521,0.202169
275.446284,0.212068
275.534048,0.152780
275.621812,0.144745
275.709575,0.138756
275.797339,0.109105
275.885103,0.114284
275.972866,0.130522
276.060630,0.123404
276.148394,0.145921
276.236157,0.118286
276.323921,0.120089
276.411685,0.114971
276.499448,0.228949
276.587212,0.191140
276.674976,0.147510
276.762739,0.267247
276.850503,0.327574
276.938267,0.181027
277.026030,0.098442
277.113794,0.142576
277.201558,0.176795
277.289321,0.446166
277.377085,0.088848
277.464849,0.092301
277.552612,0.439749
277.640376,0.492805
277.728140,0.536190
277.815903,0.282844
277.903667,0.217079
277.991431,0.207195
278.079194,0.180110
278.166958,0.191323
278.254722,0.180018
278.342485,0.106340
278.430249,0.162863
278.518013,0.106416
278.605776,0.127864
278.693540,0.093462
278.781304,0.132020
278.869067,0.125603
278.956831,0.127406
279.044595,0.129606
279.132358,0.118301
279.220122,0.131363
279.307886,0.164177
279.395649,0.141827
279.483413,0.173373
279.571177,0.299572
279.658940,0.163489
279.746704,0.100336
279.834468,0.299496
279.922231,0.098488
280.009995,0.481286
280.097759,0.317476
280.185522,0.172304
280.273286,0.094057
280.361050,0.078796
280.448813,0.562282
280.536577,0.363382
280.624341,0.283883
280.712104,0.214513
280.799868,0.342178
280.887632,0.214100
280.975396,0.147357
281.063159,0.140910
281.150923,0.194638
281.238687,0.128674
281.326450,0.095096
281.414214,0.167232
281.501978,0.145830
281.589741,0.107547
281.677505,0.115964
281.765269,0.126642
281.853032,0.150061
281.940796,0.146013
282.028560,0.100168
282.116323,0.101742
282.204087,0.164467
282.291851,0.156156
282.379614,0.141644
282.467378,0.267171
282.555142,0.444837
282.642905,0.240513
282.730669,0.161885
282.818433,0.156218
282.906196,0.225252
282.993960,0.131393
283.081724,0.086587
283.169487,0.083028
283.257251,0.309364
283.345015,0.392896
283.432778,0.510082
283.520542,0.241522
283.608306,0.198533
283.696069,0.162466
283.783833,0.156783
283.871597,0.154170
283.959360,0.151039
284.047124,0.164482
284.134888,0.112725
284.222651,0.161870
284.310415,0.185167
284.398179,0.116208
284.485942,0.155301
284.573706,0.194073
284.661470,0.147938
284.749233,0.128842
284.836997,0.119233
284.924761,0.141262
285.012524,0.157348
285.100288,0.185961
285.188052,0.167950
285.275815,0.273434
285.363579,0.170409
285.451343,0.157654
285.539106,0.145112
285.626870,0.254384
285.714634,0.127253
285.802397,0.185793
285.890161,0.153651
285.977925,0.212970
286.065688,0.266667
286.153452,0.163581
286.241216,0.168240
286.328979,0.420547
286.416743,0.438207
286.504507,0.273281
286.592271,0.189230
286.680034,0.201925
286.767798,0.185579
286.855562,0.259151
286.943325,0.188512
287.031089,0.183990
287.118853,0.234112
287.206616,0.117980
287.294380,0.159273
287.382144,0.172197
287.469907,0.100244
287.557671,0.131928
287.645435,0.093981
287.733198,0.144409
287.820962,0.068760
287.908726,0.094057
287.996489,0.095096
288.084253,0.096975
288.172017,0.124366
288.259780,0.094271
288.347544,0.101680
288.435308,0.080553
288.523071,0.086221
288.610835,0.089383
288.698599,0.103239
288.786362,0.129148
288.874126,0.123755
288.961890,0.441995
289.049653,0.171082
289.137417,0.119691
289.225181,0.191384
289.312944,0.116544
289.400708,0.260174
289.488472,0.176994
289.576235,0.304629
289.663999,0.188482
289.751763,0.148915
289.839526,0.128537
289.927290,0.116835
290.015054,0.145356
290.102817,0.115704
290.190581,0.185518
290.278345,0.116651
290.366108,0.082295
290.453872,0.089413
290.541636,0.384204
290.629399,0.312634
290.717163,0.115704
290.804927,0.068011
290.892690,0.519661
290.980454,0.464314
291.068218,0.262695
291.155981,0.200794
291.243745,0.217369
291.331509,0.161488
291.419272,0.155102
291.507036,0.123770
291.594800,0.139505
291.682563,0.148549
291.770327,0.080797
291.858091,0.106416
291.945854,0.106401
292.033618,0.116239
292.121382,0.079866
292.209146,0.122961
292.296909,0.108173
292.384673,0.105332
292.472437,0.115781
292.560200,0.085167
292.647964,0.135869
292.735728,0.089444
292.823491,0.075756
292.911255,0.104155
292.999019,0.114788
293.086782,0.103773
293.174546,0.130461
293.262310,0.176673
293.350073,0.066911
293.437837,0.088283
293.525601,0.086771
293.613364,0.093233
293.701128,0.108647
293.788892,0.170822
293.876655,0.152215
293.964419,0.123266
294.052183,0.085457
294.139946,0.187198
294.227710,0.082539
294.315474,0.274427
294.403237,0.388497
294.491001,0.298931
294.578765,0.099679
294.666528,0.095936
294.754292,0.093309
294.842056,0.104995
294.929819,0.108799
295.017583,0.119050
295.105347,0.110419
295.193110,0.116743
295.280874,0.062252
295.368638,0.073740
295.456401,0.085365
295.544165,0.107531
295.631929,0.093294
295.719692,0.077101
295.807456,0.247464
295.895220,0.312114
295.982983,0.264497
296.070747,0.228445
296.158511,0.242270
296.246274,0.163138
296.334038,0.106141
296.421802,0.279942
296.509565,0.107256
296.597329,0.116407
296.685093,0.119126
296.772856,0.128827
296.860620,0.109670
296.948384,0.115047
297.036147,0.178414
297.123911,0.095600
297.211675,0.140544
297.299438,0.092178
297.387202,0.111732
297.474966,0.115521
297.562729,0.149114
297.650493,0.149511
297.738257,0.110235
297.826021,0.089994
297.913784,0.124656
298.001548,0.117935
298.089312,0.107470
298.177075,0.089643
298.264839,0.156004
298.352603,0.094562
298.440366,0.088436
298.528130,0.103529
298.615894,0.133960
298.703657,0.140467
298.791421,0.136908
298.879185,0.465047
298.966948,0.107562
299.054712,0.093156
299.142476,0.222334
299.230239,0.139276
299.318003,0.270211
299.405767,0.182218
299.493530,0.200107
299.581294,0.288023
299.669058,0.154339
299.756821,0.100672
299.844585,0.093737
299.932349,0.145707
300.020112,0.101421
300.107876,0.117079
300.195640,0.196929
300.283403,0.128246
300.371167,0.100901
300.458931,0.093538
300.546694,0.294928
300.634458,0.243110
300.722222,0.103346
300.809985,0.115261
300.897749,0.370852
300.985513,0.430645
301.073276,0.226489
301.161040,0.162786
301.248804,0.131913
301.336567,0.122731
301.424331,0.180263
301.512095,0.098640
301.599858,0.139230
301.687622,0.143828
301.775386,0.116789
301.863149,0.116529
301.950913,0.096532
302.038677,0.115674
302.126440,0.081011
302.214204,0.112298
302.301968,0.095677
302.389731,0.088069
302.477495,0.124947
302.565259,0.143278
302.653022,0.137427
302.740786,0.094088
302.828550,0.088466
302.916313,0.124626
303.004077,0.125130
303.091841,0.137870
303.179604,0.170761
303.267368,0.418760
303.355132,0.085075
303.442896,0.081760
303.530659,0.098350
303.618423,0.110357
303.706187,0.139123
303.793950,0.128430
303.881714,0.343446
303.969478,0.129255
304.057241,0.092530
304.145005,0.223587
304.232769,0.118668
304.320532,0.273220
304.408296,0.138848
304.496060,0.434296
304.583823,0.127971
304.671587,0.099053
304.759351,0.100657
304.847114,0.103407
304.934878,0.099419
305.022642,0.099786
305.110405,0.107241
305.198169,0.115643
305.285933,0.097647
305.373696,0.118744
305.461460,0.108112
305.549224,0.091873
305.636987,0.115613
305.724751,0.108249
305.812515,0.220944
305.900278,0.353819
305.988042,0.280782
306.075806,0.217217
306.163569,0.220914
306.251333,0.164665
306.339097,0.117201
306.426860,0.267003
306.514624,0.110174
306.602388,0.107837
306.690151,0.105897
306.777915,0.094424
306.865679,0.114543
306.953442,0.093966
307.041206,0.139704
307.128970,0.116636
307.216733,0.114650
307.304497,0.111335
307.392261,0.083043
307.480024,0.090819
307.567788,0.128246
307.655552,0.101803
307.743315,0.071815
307.831079,0.081454
307.918843,0.123679
308.006606,0.088161
308.094370,0.161045
308.182134,0.094119
308.269897,0.130171
308.357661,0.119753
308.445425,0.127589
308.533188,0.148411
308.620952,0.106340
308.708716,0.090819
308.796479,0.107898
308.884243,0.075603
308.972007,0.124091
309.059771,0.095050
309.147534,0.104339
309.235298,0.108585
309.323062,0.105057
309.410825,0.108738
309.498589,0.077131
309.586353,0.291079
309.674116,0.151971
309.761880,0.296716
309.849644,0.133150
309.937407,0.168928
310.025171,0.088787
310.112935,0.072731
310.200698,0.182570
310.288462,0.278491
310.376226,0.199099
310.463989,0.258616
310.551753,0.179835
310.639517,0.174183
310.727280,0.080416
310.815044,0.227375
310.902808,0.503682
310.990571,0.694317
311.078335,0.298381
311.166099,0.224870
311.253862,0.179346
311.341626,0.181729
311.429390,0.154522
311.517153,0.185839
311.604917,0.194623
311.692681,0.105866
311.780444,0.119172
311.868208,0.144821
311.955972,0.094348
312.043735,0.114864
312.131499,0.087825
312.219263,0.183410
312.307026,0.099832
312.394790,0.097342
312.482554,0.134280
312.570317,0.108417
312.658081,0.088863
312.745845,0.087718
312.833608,0.155332
312.921372,0.178552
313.009136,0.144943
313.096899,0.083379
313.184663,0.119997
313.272427,0.181974
313.360190,0.135930
313.447954,0.134540
313.535718,0.145891
313.623481,0.174213
313.711245,0.147449
313.799009,0.104766
313.886772,0.139627
313.974536,0.120455
314.062300,0.356981
314.150063,0.120837
314.237827,0.429438
314.325591,0.196196
314.413354,0.424106
314.501118,0.115261
314.588882,0.081027
314.676646,0.143477
314.764409,0.139734
314.852173,0.105163
314.939937,0.105775
315.027700,0.082020
315.115464,0.107104
315.203228,0.066987
315.290991,0.145142
315.378755,0.145387
315.466519,0.105820
315.554282,0.101635
315.642046,0.076932
315.729810,0.109426
315.817573,0.307944
315.905337,0.325298
315.993101,0.276902
316.080864,0.181011
316.168628,0.207424
316.256392,0.265108
316.344155,0.110541
316.431919,0.199099
316.519683,0.188512
316.607446,0.249786
316.695210,0.164284
316.782974,0.074947
316.870737,0.178735
316.958501,0.099496
317.046265,0.146685
317.134028,0.117140
317.221792,0.092178
317.309556,0.174060
317.397319,0.151085
317.485083,0.127223
317.572847,0.091735
317.660610,0.084861
317.748374,0.074778
317.836138,0.105118
317.923901,0.093614
318.011665,0.109639
318.099429,0.102673
318.187192,0.085976
318.274956,0.079529
318.362720,0.132340
318.450483,0.184815
318.538247,0.140467
318.626011,0.149847
318.713774,0.140009
318.801538,0.150306
318.889302,0.120761
318.977065,0.133532
319.064829,0.148976
319.152593,0.185243
319.240356,0.100718
319.328120,0.106523
319.415884,0.108830
319.503647,0.115536
319.591411,0.304705
319.679175,0.156386
319.766938,0.080706
319.854702,0.045478
319.942466,0.016361
320.030229,0.015597
320.117993,0.019111
320.205757,0.217843
320.293521,0.489765
320.381284,0.319737
320.469048,0.385044
320.556812,0.319035
320.644575,0.192408
320.732339,0.060984
320.820103,0.366269
320.907866,0.298243
320.995630,0.268530
321.083394,0.344302
321.171157,0.179728
321.258921,0.109227
321.346685,0.187733
321.434448,0.220516
321.522212,0.108035
321.609976,0.152414
321.697739,0.306309
321.785503,0.142469
321.873267,0.084357
321.961030,0.187214
322.048794,0.206722
322.136558,0.103346
322.224321,0.150978
322.312085,0.288405
322.399849,0.147388
322.487612,0.104155
322.575376,0.190742
322.663140,0.236786
322.750903,0.083960
322.838667,0.144378
322.926431,0.359380
323.014194,0.153330
323.101958,0.119248
323.189722,0.198045
323.277485,0.123770
323.365249,0.147449
323.453013,0.160602
323.540776,0.136664
323.628540,0.114925
323.716304,0.135716
323.804067,0.147449
323.891831,0.149633
323.979595,0.162450
324.067358,0.147418
324.155122,0.136053
324.242886,0.153834
324.330649,0.239887
324.418413,0.291415
324.506177,0.320914
324.593940,0.448533
324.681704,0.319233
324.769468,0.332157
324.857231,0.299786
324.944995,0.238038
325.032759,0.216331
325.120522,0.195936
325.208286,0.206034
325.296050,0.293217
325.383813,0.150214
325.471577,0.451894
325.559341,0.231027
325.647104,0.206951
325.734868,0.225130
325.822632,0.366346
325.910396,0.359135
325.998159,0.191476
326.085923,0.135014
326.173687,0.389505
326.261450,0.187366
326.349214,0.139383
326.436978,0.131622
326.524741,0.110220
326.612505,0.250458
326.700269,0.102505
326.788032,0.147877
326.875796,0.137351
326.963560,0.157898
327.051323,0.239841
327.139087,0.165445
327.226851,0.144638
327.314614,0.122120
327.402378,0.058845
327.490142,0.048671
327.577905,0.045356
327.665669,0.044699
327.753433,0.037046
327.841196,0.042728
327.928960,0.036877
328.016724,0.046868
328.104487,0.038527
328.192251,0.043003
328.280015,0.041827
328.367778,0.040101
328.455542,0.036450
328.543306,0.030690
328.631069,0.032432
328.718833,0.029086
328.806597,0.033639
328.894360,0.112313
328.982124,0.103834
329.069888,0.514421
329.157651,0.386664
329.245415,0.246074
329.333179,0.301176
329.420942,0.255591
329.508706,0.153162
329.596470,0.161931
329.684233,0.147617
329.771997,0.123434
329.859761,0.199985
329.947524,0.141338
330.035288,0.126337
330.123052,0.158784
330.210815,0.132050
330.298579,0.093951
330.386343,0.121250
330.474106,0.087748
330.561870,0.126214
330.649634,0.161060
330.737397,0.105362
330.825161,0.132493
330.912925,0.121189
331.000688,0.125038
331.088452,0.382921
331.176216,0.273847
331.263979,0.305072
331.351743,0.114956
331.439507,0.090238
331.527271,0.288191
331.615034,0.320394
331.702798,0.181561
331.790562,0.144348
331.878325,0.161182
331.966089,0.077910
332.053853,0.077375
332.141616,0.255423
332.229380,0.182554
332.317144,0.126596
332.404907,0.121968
332.492671,0.102597
332.580435,0.111534
332.668198,0.105744
332.755962,0.078002
332.843726,0.269309
332.931489,0.083440
333.019253,0.116040
333.107017,0.087565
333.194780,0.131393
333.282544,0.219493
333.370308,0.145799
333.458071,0.163688
333.545835,0.126780
333.633599,0.053773
333.721362,0.074091
333.809126,0.178750
333.896890,0.179774
333.984653,0.132233
334.072417,0.124458
334.160181,0.131974
334.247944,0.121234
334.335708,0.108494
334.423472,0.345203
334.511235,0.057226
334.598999,0.152154
334.686763,0.143569
334.774526,0.103972
334.862290,0.108906
334.950054,0.078307
335.037817,0.177559
335.125581,0.241048
335.213345,0.317843
335.301108,0.162099
335.388872,0.471051
335.476636,0.266086
335.564399,0.358188
335.652163,0.247036
335.739927,0.201436
335.827690,0.178552
335.915454,0.109028
336.003218,0.091445
336.090981,0.061855
336.178745,0.042683
336.266509,0.052643
336.354272,0.058158
336.442036,0.067507
336.529800,0.059517
336.617563,0.079423
336.705327,0.065353
336.793091,0.064482
336.880854,0.130125
336.968618,0.165307
337.056382,0.152979
337.144146,0.117767
337.231909,0.130813
337.319673,0.092576
337.407437,0.095524
337.495200,0.134693
337.582964,0.105133
337.670728,0.099053
337.758491,0.119233
337.846255,0.108540
337.934019,0.107898
338.021782,0.116422
338.109546,0.093859
338.197310,0.092942
338.285073,0.081745
338.372837,0.092912
338.460601,0.130385
338.548364,0.195998
338.636128,0.110999
338.723892,0.122472
338.811655,0.086847
338.899419,0.098228
338.987183,0.133807
339.074946,0.073984
339.162710,0.243080
339.250474,0.307638
339.338237,0.532188
339.426001,0.360495
339.513765,0.125802
339.601528,0.416865
339.689292,0.102414
339.777056,0.209624
339.864819,0.121769
339.952583,0.112435
340.040347,0.093095
340.128110,0.146731
340.215874,0.236832
340.303638,0.154995
340.391401,0.399862
340.479165,0.168591
340.566929,0.131439
340.654692,0.158983
340.742456,0.141674
340.830220,0.183731
340.917983,0.489826
341.005747,0.231821
341.093511,0.087504
341.181274,0.153987
341.269038,0.091353
341.356802,0.078689
341.444565,0.071968
341.532329,0.379591
341.620093,0.257088
341.707856,0.391812
341.795620,0.289795
341.883384,0.221662
341.971147,0.537336
342.058911,0.181072
342.146675,0.089108
342.234438,0.116758
342.322202,0.235487
342.409966,0.113902
342.497729,0.116071
342.585493,0.109303
342.673257,0.314115
342.761021,0.233929
342.848784,0.137473
342.936548,0.107409
343.024312,0.189337
343.112075,0.153315
343.199839,0.100947
343.287603,0.110251
343.375366,0.118500
343.463130,0.104950
343.550894,0.104079
343.638657,0.112817
343.726421,0.097938
343.814185,0.124794
343.901948,0.113336
343.989712,0.235335
344.077476,0.220745
344.165239,0.181729
344.253003,0.164345
344.340767,0.162466
344.428530,0.149190
344.516294,0.119539
344.604058,0.100336
344.691821,0.218729
344.779585,0.227635
344.867349,0.206599
344.955112,0.159639
345.042876,0.139612
345.130640,0.131515
345.218403,0.101054
345.306167,0.138772
345.393931,0.128170
345.481694,0.123373
345.569458,0.076459
345.657222,0.114895
345.744985,0.097999
345.832749,0.120745
345.920513,0.115292
346.008276,0.112771
346.096040,0.103636
346.183804,0.078582
346.271567,0.185396
346.359331,0.142453
346.447095,0.237550
346.534858,0.121723
346.622622,0.111931
346.710386,0.092667
346.798149,0.087672
346.885913,0.099297
346.973677,0.268301
347.061440,0.166728
347.149204,0.132508
347.236968,0.197556
347.324731,0.130492
347.412495,0.079835
347.500259,0.094088
347.588022,0.088573
347.675786,0.077666
347.763550,0.059777
347.851313,0.102246
347.939077,0.346945
348.026841,0.411656
348.114604,0.318637
348.202368,0.261137
348.290132,0.245646
348.377896,0.213000
348.465659,0.181882
348.553423,0.144042
348.641187,0.096914
348.728950,0.116193
348.816714,0.109914
348.904478,0.118485
348.992241,0.082570
349.080005,0.070012
349.167769,0.062802
349.255532,0.052108
349.343296,0.053116
349.431060,0.051833
349.518823,0.037458
349.606587,0.047159
349.694351,0.036373
349.782114,0.037550
349.869878,0.042408
349.957642,0.028552
350.045405,0.024947
350.133169,0.033471
350.220933,0.031408
350.308696,0.023236
350.396460,0.026658
350.484224,0.029468
350.571987,0.012863
350.659751,0.026841
350.747515,0.028827
350.835278,0.018423
350.923042,0.015399
351.010806,0.011687
351.098569,0.013474
351.186333,0.011014
351.274097,0.009319
351.361860,0.008142
351.449624,0.007042
351.537388,0.006172
351.625151,0.006202
351.712915,0.007745
351.800679,0.004659
351.888442,0.006951
351.976206,0.005622
352.063970,0.005011
352.151733,0.004659
352.239497,0.006523
352.327261,0.007485
352.415024,0.005301
352.502788,0.004079
352.590552,0.003987
352.678315,0.004476
352.766079,0.003987
352.853843,0.003437
352.941606,0.002505
353.029370,0.002811
353.117134,0.003529
353.204897,0.003773
353.292661,0.002322
353.380425,0.002123
353.468188,0.002368
353.555952,0.002673
353.643716,0.002643
353.731479,0.002016
353.819243,0.002108
353.907007,0.002322
353.994771,0.002108
354.082534,0.001329
354.170298,0.001573
354.258062,0.001772
354.345825,0.002276
354.433589,0.001742
354.521353,0.001680
354.609116,0.001650
354.696880,0.002016
354.784644,0.001619
354.872407,0.001604
354.960171,0.001329
355.047935,0.001528
355.135698,0.001803
355.223462,0.001680
355.311226,0.001329
355.398989,0.001283
355.486753,0.001619
355.574517,0.001405
355.662280,0.001069
355.750044,0.001146
355.837808,0.001222
355.925571,0.001451
356.013335,0.001421
356.101099,0.001176
356.188862,0.001176
356.276626,0.001192
356.364390,0.001146
356.452153,0.000962
356.539917,0.000993
356.627681,0.001130
356.715444,0.001130
356.803208,0.001130
356.890972,0.001161
356.978735,0.001039
357.066499,0.001069
357.154263,0.001192
357.242026,0.000901
357.329790,0.001069
357.417554,0.001100
357.505317,0.001085
357.593081,0.000932
357.680845,0.001039
357.768608,0.000917
357.856372,0.000978
357.944136,0.001115
358.031899,0.000855
358.119663,0.000901
358.207427,0.001024
358.295190,0.000917
358.382954,0.000932
358.470718,0.001100
358.558481,0.001008
358.646245,0.000962
358.734009,0.001115
358.821772,0.000932
358.909536,0.000901
358.997300,0.000840
359.085063,0.001054
359.172827,0.000840
359.260591,0.000947
359.348354,0.001024
359.436118,0.000932
